n_block,data_size,seed,model,loss,symmetry_error,n_params
1,50,0,vanilla,0.09037116914987564,0.0,345
1,50,0,shared,0.061212122440338135,0.0,345
1,50,0,vanilla_aug,0.03957405313849449,0.0,345
1,50,0,shared_aug,0.04066847264766693,0.0,345
1,50,1,vanilla,0.42755818367004395,0.0,345
1,50,1,shared,0.43534761667251587,0.0,345
1,50,1,vanilla_aug,0.4503704011440277,0.0,345
1,50,1,shared_aug,0.3596595823764801,0.0,345
1,50,2,vanilla,15.530604362487793,0.0,345
1,50,2,shared,0.08398215472698212,0.0,345
1,50,2,vanilla_aug,18.676494598388672,0.0,345
1,50,2,shared_aug,0.1836763471364975,0.0,345
1,50,3,vanilla,0.0354078970849514,0.0,345
1,50,3,shared,0.23063647747039795,0.0,345
1,50,3,vanilla_aug,0.015322412364184856,0.0,345
1,50,3,shared_aug,0.22611716389656067,0.0,345
1,50,4,vanilla,0.2357495278120041,0.0,345
1,50,4,shared,1.1463011503219604,0.0,345
1,50,4,vanilla_aug,1.2734620571136475,0.0,345
1,50,4,shared_aug,1.384573221206665,0.0,345
1,100,0,vanilla,0.020888255909085274,0.0,345
1,100,0,shared,0.013841098174452782,0.0,345
1,100,0,vanilla_aug,0.01428544707596302,0.0,345
1,100,0,shared_aug,0.03687644749879837,0.0,345
1,100,1,vanilla,0.02692243456840515,0.0,345
1,100,1,shared,0.027899757027626038,0.0,345
1,100,1,vanilla_aug,0.02858920954167843,0.0,345
1,100,1,shared_aug,0.008267629891633987,0.0,345
1,100,2,vanilla,0.35767030715942383,0.0,345
1,100,2,shared,0.06860195100307465,0.0,345
1,100,2,vanilla_aug,0.1892753541469574,0.0,345
1,100,2,shared_aug,0.13541319966316223,0.0,345
1,100,3,vanilla,0.018083568662405014,0.0,345
1,100,3,shared,0.19303862750530243,0.0,345
1,100,3,vanilla_aug,0.2957477569580078,0.0,345
1,100,3,shared_aug,0.26016926765441895,0.0,345
1,100,4,vanilla,0.02389230951666832,0.0,345
1,100,4,shared,0.016858408227562904,0.0,345
1,100,4,vanilla_aug,0.014926865696907043,0.0,345
1,100,4,shared_aug,0.031113669276237488,0.0,345
1,500,0,vanilla,0.0441243015229702,0.0,345
1,500,0,shared,0.017204569652676582,0.0,345
1,500,0,vanilla_aug,0.018659058958292007,0.0,345
1,500,0,shared_aug,0.008318368345499039,0.0,345
1,500,1,vanilla,0.007847050204873085,0.0,345
1,500,1,shared,0.05256994068622589,0.0,345
1,500,1,vanilla_aug,0.12158721685409546,0.0,345
1,500,1,shared_aug,0.02379843220114708,0.0,345
1,500,2,vanilla,0.03022976964712143,0.0,345
1,500,2,shared,0.018385548144578934,0.0,345
1,500,2,vanilla_aug,0.0017172879306599498,0.0,345
1,500,2,shared_aug,0.0021280793007463217,0.0,345
1,500,3,vanilla,0.01621563918888569,0.0,345
1,500,3,shared,0.013617822900414467,0.0,345
1,500,3,vanilla_aug,0.008383790031075478,0.0,345
1,500,3,shared_aug,0.01053398847579956,0.0,345
1,500,4,vanilla,0.013730091974139214,0.0,345
1,500,4,shared,0.02169632352888584,0.0,345
1,500,4,vanilla_aug,0.02679176814854145,0.0,345
1,500,4,shared_aug,0.023501133546233177,0.0,345
1,1000,0,vanilla,0.016301173716783524,0.0,345
1,1000,0,shared,0.017989778891205788,0.0,345
1,1000,0,vanilla_aug,0.017565490677952766,0.0,345
1,1000,0,shared_aug,0.017023775726556778,0.0,345
1,1000,1,vanilla,0.0019302153959870338,0.0,345
1,1000,1,shared,0.0009457527194172144,0.0,345
1,1000,1,vanilla_aug,0.004080602899193764,0.0,345
1,1000,1,shared_aug,0.015025785192847252,0.0,345
1,1000,2,vanilla,0.033461883664131165,0.0,345
1,1000,2,shared,0.028759676963090897,0.0,345
1,1000,2,vanilla_aug,0.041428614407777786,0.0,345
1,1000,2,shared_aug,0.005088582169264555,0.0,345
1,1000,3,vanilla,0.01872921735048294,0.0,345
1,1000,3,shared,0.029422370716929436,0.0,345
1,1000,3,vanilla_aug,0.006665263324975967,0.0,345
1,1000,3,shared_aug,0.015313694253563881,0.0,345
1,1000,4,vanilla,0.008007640950381756,0.0,345
1,1000,4,shared,0.0024501753505319357,0.0,345
1,1000,4,vanilla_aug,0.005338078364729881,0.0,345
1,1000,4,shared_aug,0.003124058246612549,0.0,345
1,5000,0,vanilla,0.07232333719730377,0.0,345
1,5000,0,shared,0.05300191044807434,0.0,345
1,5000,0,vanilla_aug,0.057680893689394,0.0,345
1,5000,0,shared_aug,0.036284759640693665,0.0,345
1,5000,1,vanilla,0.003116288222372532,0.0,345
1,5000,1,shared,0.019987056031823158,0.0,345
1,5000,1,vanilla_aug,0.013264157809317112,0.0,345
1,5000,1,shared_aug,0.0024271695874631405,0.0,345
1,5000,2,vanilla,0.008456227369606495,0.0,345
1,5000,2,shared,0.0027531376108527184,0.0,345
1,5000,2,vanilla_aug,0.003041137708351016,0.0,345
1,5000,2,shared_aug,0.00890751089900732,0.0,345
1,5000,3,vanilla,0.002754379529505968,0.0,345
1,5000,3,shared,0.004337622784078121,0.0,345
1,5000,3,vanilla_aug,0.012871679849922657,0.0,345
1,5000,3,shared_aug,0.00785898882895708,0.0,345
1,5000,4,vanilla,0.004030323121696711,0.0,345
1,5000,4,shared,0.0037074037827551365,0.0,345
1,5000,4,vanilla_aug,0.015703098848462105,0.0,345
1,5000,4,shared_aug,0.002108211163431406,0.0,345
1,10000,0,vanilla,0.03295164182782173,0.0,345
1,10000,0,shared,0.01700347475707531,0.0,345
1,10000,0,vanilla_aug,0.007069858722388744,0.0,345
1,10000,0,shared_aug,0.004660886246711016,0.0,345
1,10000,1,vanilla,0.00450653163716197,0.0,345
1,10000,1,shared,0.02465483918786049,0.0,345
1,10000,1,vanilla_aug,0.009442436508834362,0.0,345
1,10000,1,shared_aug,0.005014000926166773,0.0,345
1,10000,2,vanilla,0.007930961437523365,0.0,345
1,10000,2,shared,0.0049120341427624226,0.0,345
1,10000,2,vanilla_aug,0.24094316363334656,0.0,345
1,10000,2,shared_aug,0.007775233127176762,0.0,345
1,10000,3,vanilla,0.007461767178028822,0.0,345
1,10000,3,shared,0.015246355906128883,0.0,345
1,10000,3,vanilla_aug,0.013943813741207123,0.0,345
1,10000,3,shared_aug,0.01688932441174984,0.0,345
1,10000,4,vanilla,0.00269280094653368,0.0,345
1,10000,4,shared,0.0017097698291763663,0.0,345
1,10000,4,vanilla_aug,0.005949191749095917,0.0,345
1,10000,4,shared_aug,0.015085304155945778,0.0,345
2,50,0,vanilla,0.20438972115516663,0.10552714765071869,1297
2,50,0,shared,0.27050861716270447,0.0,651
2,50,0,vanilla_aug,0.1264585554599762,0.013744452968239784,1297
2,50,0,shared_aug,0.03233439847826958,0.0,651
2,50,1,vanilla,0.19595995545387268,0.09994173049926758,1297
2,50,1,shared,0.15136398375034332,0.0,651
2,50,1,vanilla_aug,0.14764520525932312,0.03416047245264053,1297
2,50,1,shared_aug,0.08309628069400787,0.0,651
2,50,2,vanilla,0.948883056640625,2.230461359024048,1297
2,50,2,shared,0.5092921257019043,0.0,651
2,50,2,vanilla_aug,0.5536630749702454,0.23646967113018036,1297
2,50,2,shared_aug,0.49339884519577026,0.0,651
2,50,3,vanilla,0.7770588994026184,0.15724608302116394,1297
2,50,3,shared,0.2906164526939392,0.0,651
2,50,3,vanilla_aug,0.17284883558750153,0.015668436884880066,1297
2,50,3,shared_aug,3.933570384979248,0.0,651
2,50,4,vanilla,0.24373245239257812,0.4192727208137512,1297
2,50,4,shared,0.32495373487472534,0.0,651
2,50,4,vanilla_aug,0.1187991350889206,0.010422342456877232,1297
2,50,4,shared_aug,0.24884410202503204,0.0,651
2,100,0,vanilla,0.1788611114025116,0.1921704262495041,1297
2,100,0,shared,0.06527404487133026,0.0,651
2,100,0,vanilla_aug,0.35586264729499817,0.02951478399336338,1297
2,100,0,shared_aug,0.17580446600914001,0.0,651
2,100,1,vanilla,0.3410952389240265,0.005177500657737255,1297
2,100,1,shared,0.4633353650569916,0.0,651
2,100,1,vanilla_aug,0.28859370946884155,0.01145979668945074,1297
2,100,1,shared_aug,4.636648654937744,0.0,651
2,100,2,vanilla,1.5484659671783447,0.25109443068504333,1297
2,100,2,shared,2.329535961151123,0.0,651
2,100,2,vanilla_aug,1.7436084747314453,0.3921208381652832,1297
2,100,2,shared_aug,2.3238260746002197,0.0,651
2,100,3,vanilla,0.5662844777107239,0.12784665822982788,1297
2,100,3,shared,0.5034483671188354,0.0,651
2,100,3,vanilla_aug,0.36265328526496887,0.008827857673168182,1297
2,100,3,shared_aug,0.4189229905605316,0.0,651
2,100,4,vanilla,0.26632028818130493,0.33450180292129517,1297
2,100,4,shared,0.30977535247802734,0.0,651
2,100,4,vanilla_aug,0.2119748890399933,0.006891303695738316,1297
2,100,4,shared_aug,0.8711942434310913,0.0,651
2,500,0,vanilla,0.06345642358064651,0.01232822984457016,1297
2,500,0,shared,0.05682730674743652,0.0,651
2,500,0,vanilla_aug,0.09462672472000122,0.005823179613798857,1297
2,500,0,shared_aug,0.058530282229185104,0.0,651
2,500,1,vanilla,0.08893657475709915,0.010742396116256714,1297
2,500,1,shared,0.035418275743722916,0.0,651
2,500,1,vanilla_aug,0.09087192267179489,0.013343261554837227,1297
2,500,1,shared_aug,0.0374661460518837,0.0,651
2,500,2,vanilla,0.12086170166730881,0.10765735059976578,1297
2,500,2,shared,0.34264183044433594,0.0,651
2,500,2,vanilla_aug,0.15250888466835022,0.02019638381898403,1297
2,500,2,shared_aug,0.26485759019851685,0.0,651
2,500,3,vanilla,0.19266776740550995,0.047326892614364624,1297
2,500,3,shared,0.046659983694553375,0.0,651
2,500,3,vanilla_aug,0.059800080955028534,0.010380006395280361,1297
2,500,3,shared_aug,0.23953568935394287,0.0,651
2,500,4,vanilla,0.06461264938116074,0.05173379182815552,1297
2,500,4,shared,0.11382396519184113,0.0,651
2,500,4,vanilla_aug,0.11690408736467361,0.011899088509380817,1297
2,500,4,shared_aug,0.12139152735471725,0.0,651
2,1000,0,vanilla,0.18212230503559113,0.01579318568110466,1297
2,1000,0,shared,0.11064771562814713,0.0,651
2,1000,0,vanilla_aug,0.26959228515625,0.02298838272690773,1297
2,1000,0,shared_aug,0.10246553272008896,0.0,651
2,1000,1,vanilla,0.19818569719791412,0.01186638604849577,1297
2,1000,1,shared,0.1887332946062088,0.0,651
2,1000,1,vanilla_aug,0.265900582075119,0.006935153156518936,1297
2,1000,1,shared_aug,0.18602970242500305,0.0,651
2,1000,2,vanilla,0.07350120693445206,0.032062940299510956,1297
2,1000,2,shared,0.044358931481838226,0.0,651
2,1000,2,vanilla_aug,0.08565620332956314,0.0411817841231823,1297
2,1000,2,shared_aug,0.17765240371227264,0.0,651
2,1000,3,vanilla,0.058591052889823914,0.05569425970315933,1297
2,1000,3,shared,0.05564781278371811,0.0,651
2,1000,3,vanilla_aug,0.02639077603816986,0.009111426770687103,1297
2,1000,3,shared_aug,0.21140338480472565,0.0,651
2,1000,4,vanilla,0.2115669995546341,0.04144933074712753,1297
2,1000,4,shared,0.2192966490983963,0.0,651
2,1000,4,vanilla_aug,0.11243320256471634,0.01083789486438036,1297
2,1000,4,shared_aug,0.1985531747341156,0.0,651
2,5000,0,vanilla,0.10547518730163574,0.010470876470208168,1297
2,5000,0,shared,0.06035418435931206,0.0,651
2,5000,0,vanilla_aug,0.047946467995643616,0.006810616701841354,1297
2,5000,0,shared_aug,0.029139360412955284,0.0,651
2,5000,1,vanilla,0.09060434252023697,0.018287217244505882,1297
2,5000,1,shared,0.06763802468776703,0.0,651
2,5000,1,vanilla_aug,0.06876137107610703,0.008034136146306992,1297
2,5000,1,shared_aug,0.07421956211328506,0.0,651
2,5000,2,vanilla,0.05525723844766617,0.030327171087265015,1297
2,5000,2,shared,0.06786391884088516,0.0,651
2,5000,2,vanilla_aug,0.06368102133274078,0.014761647209525108,1297
2,5000,2,shared_aug,0.038886573165655136,0.0,651
2,5000,3,vanilla,0.037073180079460144,0.01464592944830656,1297
2,5000,3,shared,0.04680347442626953,0.0,651
2,5000,3,vanilla_aug,0.042696401476860046,0.02321714535355568,1297
2,5000,3,shared_aug,0.02691095694899559,0.0,651
2,5000,4,vanilla,0.03577788546681404,0.030328279361128807,1297
2,5000,4,shared,0.12482504546642303,0.0,651
2,5000,4,vanilla_aug,0.044168174266815186,0.009887037798762321,1297
2,5000,4,shared_aug,0.09596046805381775,0.0,651
2,10000,0,vanilla,0.0965423732995987,0.017945602536201477,1297
2,10000,0,shared,0.05061952769756317,0.0,651
2,10000,0,vanilla_aug,0.05835738033056259,0.01059970073401928,1297
2,10000,0,shared_aug,0.03602313995361328,0.0,651
2,10000,1,vanilla,0.0677579939365387,0.017159778624773026,1297
2,10000,1,shared,0.030723968520760536,0.0,651
2,10000,1,vanilla_aug,0.024361180141568184,0.005639909766614437,1297
2,10000,1,shared_aug,0.03967302665114403,0.0,651
2,10000,2,vanilla,0.032436665147542953,0.028765473514795303,1297
2,10000,2,shared,0.0440639965236187,0.0,651
2,10000,2,vanilla_aug,0.03107641264796257,0.012028483673930168,1297
2,10000,2,shared_aug,0.022777408361434937,0.0,651
2,10000,3,vanilla,0.023406628519296646,0.014768046326935291,1297
2,10000,3,shared,0.03589346259832382,0.0,651
2,10000,3,vanilla_aug,0.040694016963243484,0.014290213584899902,1297
2,10000,3,shared_aug,0.046455901116132736,0.0,651
2,10000,4,vanilla,0.03207573667168617,0.013957567512989044,1297
2,10000,4,shared,0.06245873495936394,0.0,651
2,10000,4,vanilla_aug,0.023925483226776123,0.023187315091490746,1297
2,10000,4,shared_aug,0.016726283356547356,0.0,651
5,50,0,vanilla,12.050962448120117,5.846308708190918,7801
5,50,0,shared,199.8861541748047,9.947596225410682e-16,651
5,50,0,vanilla_aug,12.1510591506958,0.585096001625061,7801
5,50,0,shared_aug,1.688187837600708,1.5827479951657786e-11,651
5,50,1,vanilla,5.737122535705566,2.1021950244903564,7801
5,50,1,shared,0.6477474570274353,8.093845147057188e-13,651
5,50,1,vanilla_aug,1.1379057168960571,0.9583920240402222,7801
5,50,1,shared_aug,1.6107616424560547,3.777955866982735e-13,651
5,50,2,vanilla,8.053128242492676,8.573504447937012,7801
5,50,2,shared,7.382881164550781,3.769013746934835e-12,651
5,50,2,vanilla_aug,9.658101081848145,0.966724693775177,7801
5,50,2,shared_aug,4.9640021324157715,7.488039702185922e-12,651
5,50,3,vanilla,10.601540565490723,3.145230531692505,7801
5,50,3,shared,3.335355758666992,9.924149176054886e-13,651
5,50,3,vanilla_aug,10.476396560668945,0.43114566802978516,7801
5,50,3,shared_aug,4.396655559539795,1.8357581080263863e-12,651
5,50,4,vanilla,3.0768961906433105,5.052913188934326,7801
5,50,4,shared,2.1916534900665283,1.808500940149449e-12,651
5,50,4,vanilla_aug,2.7330570220947266,1.6654361486434937,7801
5,50,4,shared_aug,5.309161186218262,2.0875744980320549e-13,651
5,100,0,vanilla,2.7840185165405273,3.997220993041992,7801
5,100,0,shared,106.26859283447266,2.4475005152451747e-14,651
5,100,0,vanilla_aug,1.7273063659667969,1.1228606700897217,7801
5,100,0,shared_aug,0.9606634378433228,2.758895108895265e-12,651
5,100,1,vanilla,4.821639060974121,2.381828784942627,7801
5,100,1,shared,1.117270827293396,9.862498187920843e-13,651
5,100,1,vanilla_aug,3.64070200920105,0.8044468760490417,7801
5,100,1,shared_aug,0.7189196348190308,1.5022381125509576e-12,651
5,100,2,vanilla,16.829822540283203,10.962431907653809,7801
5,100,2,shared,2.0276777744293213,3.395763488109327e-12,651
5,100,2,vanilla_aug,2.174201250076294,0.6919227838516235,7801
5,100,2,shared_aug,1.9064571857452393,6.951948782266126e-13,651
5,100,3,vanilla,3.067577838897705,1.9322038888931274,7801
5,100,3,shared,1.1941543817520142,1.2962462049917467e-12,651
5,100,3,vanilla_aug,2.7523341178894043,1.128501057624817,7801
5,100,3,shared_aug,1.3463395833969116,1.2409716266745252e-12,651
5,100,4,vanilla,4.229167938232422,3.3367886543273926,7801
5,100,4,shared,1.0119562149047852,3.816680044926857e-12,651
5,100,4,vanilla_aug,3.0364022254943848,1.4980283975601196,7801
5,100,4,shared_aug,0.8369976878166199,7.596322008918133e-12,651
5,500,0,vanilla,2.1419830322265625,1.1340209245681763,7801
5,500,0,shared,86.1216049194336,2.7085885956541246e-14,651
5,500,0,vanilla_aug,1.0772758722305298,0.15567411482334137,7801
5,500,0,shared_aug,0.6645262241363525,1.106902763892137e-12,651
5,500,1,vanilla,2.4182369709014893,0.9003694653511047,7801
5,500,1,shared,0.28503960371017456,1.9140004251655407e-12,651
5,500,1,vanilla_aug,1.3681873083114624,0.3551490306854248,7801
5,500,1,shared_aug,0.24097347259521484,1.2394577551810837e-12,651
5,500,2,vanilla,1.1303142309188843,1.3325541019439697,7801
5,500,2,shared,0.21055001020431519,5.493574779108501e-12,651
5,500,2,vanilla_aug,0.5715692043304443,0.1763790100812912,7801
5,500,2,shared_aug,0.4449378252029419,1.1593700175241417e-12,651
5,500,3,vanilla,1.5905978679656982,1.2631237506866455,7801
5,500,3,shared,0.15682841837406158,3.193389996880569e-12,651
5,500,3,vanilla_aug,1.0321855545043945,0.3233245313167572,7801
5,500,3,shared_aug,0.5299714803695679,3.5937687287851405e-12,651
5,500,4,vanilla,1.942144513130188,1.2132936716079712,7801
5,500,4,shared,0.4024173617362976,3.640349306721635e-12,651
5,500,4,vanilla_aug,0.936207115650177,0.2906239628791809,7801
5,500,4,shared_aug,0.5769218802452087,4.2880668633948904e-12,651
5,1000,0,vanilla,1.645302176475525,0.7706520557403564,7801
5,1000,0,shared,0.5846502780914307,4.385298374431912e-11,651
5,1000,0,vanilla_aug,0.9658339619636536,0.23334956169128418,7801
5,1000,0,shared_aug,0.5005862712860107,5.370427366702124e-11,651
5,1000,1,vanilla,1.2931244373321533,0.6971200704574585,7801
5,1000,1,shared,0.32346126437187195,2.921259371554963e-12,651
5,1000,1,vanilla_aug,0.879241406917572,0.25306692719459534,7801
5,1000,1,shared_aug,0.28589484095573425,2.188059195634695e-12,651
5,1000,2,vanilla,1.1315158605575562,0.7163692712783813,7801
5,1000,2,shared,0.25527727603912354,5.003714022983052e-12,651
5,1000,2,vanilla_aug,0.6677406430244446,0.23884090781211853,7801
5,1000,2,shared_aug,0.5035664439201355,2.5672131521298214e-12,651
5,1000,3,vanilla,1.7942900657653809,0.7958673238754272,7801
5,1000,3,shared,0.3250109553337097,2.7410961955104396e-12,651
5,1000,3,vanilla_aug,0.6024881601333618,0.14284202456474304,7801
5,1000,3,shared_aug,0.1474742740392685,5.204476606623931e-12,651
5,1000,4,vanilla,1.1083917617797852,0.5157070755958557,7801
5,1000,4,shared,0.5447115302085876,5.769776149910921e-12,651
5,1000,4,vanilla_aug,0.8125883340835571,0.19300693273544312,7801
5,1000,4,shared_aug,0.7253010272979736,1.2942679913918731e-11,651
5,5000,0,vanilla,0.8393604755401611,0.19969484210014343,7801
5,5000,0,shared,0.43713220953941345,8.083303471018155e-11,651
5,5000,0,vanilla_aug,0.3202928602695465,0.1621130406856537,7801
5,5000,0,shared_aug,0.38742154836654663,1.976437459874636e-12,651
5,5000,1,vanilla,0.541289210319519,0.24441277980804443,7801
5,5000,1,shared,0.10512746870517731,2.4298293412050587e-12,651
5,5000,1,vanilla_aug,0.3773159086704254,0.1586107313632965,7801
5,5000,1,shared_aug,0.18523074686527252,1.4184138238948485e-11,651
5,5000,2,vanilla,0.5946399569511414,0.1700645238161087,7801
5,5000,2,shared,0.23672330379486084,7.532034891621908e-12,651
5,5000,2,vanilla_aug,0.29733043909072876,0.11923035234212875,7801
5,5000,2,shared_aug,0.15976208448410034,2.694078814202694e-11,651
5,5000,3,vanilla,0.9103205800056458,0.22659608721733093,7801
5,5000,3,shared,0.27126166224479675,5.251164954256371e-12,651
5,5000,3,vanilla_aug,0.7237814664840698,0.0895385891199112,7801
5,5000,3,shared_aug,0.4314442276954651,5.214524558677658e-12,651
5,5000,4,vanilla,0.6908169984817505,0.15506994724273682,7801
5,5000,4,shared,0.28422844409942627,7.36552485669506e-12,651
5,5000,4,vanilla_aug,0.40582188963890076,0.13189318776130676,7801
5,5000,4,shared_aug,0.20389950275421143,3.0490128651028403e-12,651
5,10000,0,vanilla,0.40320074558258057,0.24497810006141663,7801
5,10000,0,shared,0.3733859360218048,1.1342921046875176e-10,651
5,10000,0,vanilla_aug,0.20115117728710175,0.10016123950481415,7801
5,10000,0,shared_aug,0.08517658710479736,7.572100585440111e-11,651
5,10000,1,vanilla,0.32905369997024536,0.17976215481758118,7801
5,10000,1,shared,0.0684061124920845,2.4131590822817905e-12,651
5,10000,1,vanilla_aug,0.6297736763954163,0.07575757801532745,7801
5,10000,1,shared_aug,0.1486007124185562,1.5360329327918087e-11,651
5,10000,2,vanilla,0.26606231927871704,0.24370010197162628,7801
5,10000,2,shared,0.1960722953081131,8.689908168046934e-12,651
5,10000,2,vanilla_aug,0.3554621636867523,0.12068425118923187,7801
5,10000,2,shared_aug,0.17272531986236572,1.6520836781941384e-11,651
5,10000,3,vanilla,0.3960803747177124,0.2068910300731659,7801
5,10000,3,shared,0.1284114569425583,5.750512479391068e-12,651
5,10000,3,vanilla_aug,0.21981613337993622,0.14619597792625427,7801
5,10000,3,shared_aug,0.1919896900653839,9.556464647397789e-11,651
5,10000,4,vanilla,0.42886412143707275,0.24087543785572052,7801
5,10000,4,shared,0.2286882996559143,8.343596646920304e-12,651
5,10000,4,vanilla_aug,0.25744783878326416,0.14718714356422424,7801
5,10000,4,shared_aug,0.6214601993560791,3.5127348078922704e-12,651
10,50,0,vanilla,8.959388732910156,12.02876091003418,30801
10,50,0,shared,3.299177646636963,2.6830089799173562e-12,651
10,50,0,vanilla_aug,10.87307071685791,4.5127153396606445,30801
10,50,0,shared_aug,2.64390230178833,6.77573448737423e-13,651
10,50,1,vanilla,20.284265518188477,15.959467887878418,30801
10,50,1,shared,4.8114519119262695,4.26609832529512e-12,651
10,50,1,vanilla_aug,12.360058784484863,2.131713628768921,30801
10,50,1,shared_aug,4.712114334106445,4.162074764696433e-12,651
10,50,2,vanilla,16.236522674560547,9.234211921691895,30801
10,50,2,shared,4.114780426025391,1.2437338485493665e-12,651
10,50,2,vanilla_aug,10.358373641967773,4.17966365814209,30801
10,50,2,shared_aug,264.031005859375,5.473398791424017e-16,651
10,50,3,vanilla,13.734579086303711,9.98431396484375,30801
10,50,3,shared,3.3809654712677,9.238228237951063e-12,651
10,50,3,vanilla_aug,10.021268844604492,3.7417938709259033,30801
10,50,3,shared_aug,2.0981404781341553,4.780015792904546e-12,651
10,50,4,vanilla,36.02452850341797,9.774713516235352,30801
10,50,4,shared,2.334510087966919,1.0345500497943583e-11,651
10,50,4,vanilla_aug,26.827594757080078,5.0986480712890625,30801
10,50,4,shared_aug,6.2242889404296875,9.815720285188956e-12,651
10,100,0,vanilla,11.613787651062012,7.4347333908081055,30801
10,100,0,shared,338.00244140625,6.5786258039680304e-15,651
10,100,0,vanilla_aug,3.568974256515503,2.711371898651123,30801
10,100,0,shared_aug,0.861716091632843,1.1769016317053627e-11,651
10,100,1,vanilla,7.409642696380615,5.0131144523620605,30801
10,100,1,shared,0.5649157762527466,4.2041387732227875e-12,651
10,100,1,vanilla_aug,9.856181144714355,3.6119041442871094,30801
10,100,1,shared_aug,1.0682165622711182,6.003800755161048e-12,651
10,100,2,vanilla,32.548912048339844,14.232747077941895,30801
10,100,2,shared,1.8348701000213623,2.408597410061275e-12,651
10,100,2,vanilla_aug,18.027542114257812,3.2479751110076904,30801
10,100,2,shared_aug,263.56414794921875,1.2281884561563157e-15,651
10,100,3,vanilla,16.013164520263672,9.029701232910156,30801
10,100,3,shared,5.903916835784912,7.800052270745539e-12,651
10,100,3,vanilla_aug,14.848340034484863,2.583305835723877,30801
10,100,3,shared_aug,9.938299179077148,3.695958903510155e-12,651
10,100,4,vanilla,16.342227935791016,12.485757827758789,30801
10,100,4,shared,19.19709014892578,6.207300732447019e-12,651
10,100,4,vanilla_aug,5.44738245010376,2.6846890449523926,30801
10,100,4,shared_aug,11.570023536682129,1.3733369910035043e-12,651
10,500,0,vanilla,7.634624004364014,6.1760640144348145,30801
10,500,0,shared,1.7855966091156006,2.0615497156595275e-12,651
10,500,0,vanilla_aug,7.537519454956055,4.306410312652588,30801
10,500,0,shared_aug,2.263444423675537,3.8609653668642e-12,651
10,500,1,vanilla,10.259123802185059,6.1734137535095215,30801
10,500,1,shared,0.9821105003356934,6.577162425802641e-12,651
10,500,1,vanilla_aug,7.649718761444092,2.6342508792877197,30801
10,500,1,shared_aug,0.8455324769020081,1.0650107531984254e-11,651
10,500,2,vanilla,9.689022064208984,8.771129608154297,30801
10,500,2,shared,0.5227336287498474,4.969248970643214e-12,651
10,500,2,vanilla_aug,4.294488906860352,2.066215753555298,30801
10,500,2,shared_aug,1.1821072101593018,2.4090594970271884e-12,651
10,500,3,vanilla,7.597845554351807,5.025712013244629,30801
10,500,3,shared,0.3898636996746063,7.714650966661463e-12,651
10,500,3,vanilla_aug,5.172391414642334,2.1175003051757812,30801
10,500,3,shared_aug,0.5182362794876099,1.4632385580970464e-11,651
10,500,4,vanilla,8.913335800170898,7.156259059906006,30801
10,500,4,shared,1.1558935642242432,8.081794782011098e-12,651
10,500,4,vanilla_aug,5.2980122566223145,3.1440834999084473,30801
10,500,4,shared_aug,324.662841796875,5.27074848813403e-15,651
10,1000,0,vanilla,6.544320106506348,3.785036087036133,30801
10,1000,0,shared,1.2359638214111328,2.555228164474732e-12,651
10,1000,0,vanilla_aug,5.0062360763549805,1.8923099040985107,30801
10,1000,0,shared_aug,1.053880214691162,9.52547762889111e-12,651
10,1000,1,vanilla,6.720706939697266,4.951907634735107,30801
10,1000,1,shared,2.420194625854492,5.888867084941074e-12,651
10,1000,1,vanilla_aug,6.833188533782959,2.6235976219177246,30801
10,1000,1,shared_aug,1.2612649202346802,2.675550059283438e-11,651
10,1000,2,vanilla,7.83401346206665,4.482285499572754,30801
10,1000,2,shared,0.5585164427757263,6.2676764819857844e-12,651
10,1000,2,vanilla_aug,5.002084732055664,2.0901782512664795,30801
10,1000,2,shared_aug,1.26568603515625,6.82806675783576e-12,651
10,1000,3,vanilla,7.730224609375,5.575339317321777,30801
10,1000,3,shared,0.9923259019851685,1.2694905890398012e-11,651
10,1000,3,vanilla_aug,4.701108932495117,2.0027451515197754,30801
10,1000,3,shared_aug,0.7864083647727966,1.9332297915286567e-11,651
10,1000,4,vanilla,9.527368545532227,4.137197971343994,30801
10,1000,4,shared,1.2303974628448486,9.629441341529876e-12,651
10,1000,4,vanilla_aug,6.377459526062012,2.319854736328125,30801
10,1000,4,shared_aug,0.7137348651885986,1.8326030797044535e-12,651
10,5000,0,vanilla,4.943610191345215,2.3798484802246094,30801
10,5000,0,shared,0.5887187719345093,4.077305333638481e-12,651
10,5000,0,vanilla_aug,1.3001081943511963,0.4418412744998932,30801
10,5000,0,shared_aug,0.4176225960254669,3.648509966369673e-11,651
10,5000,1,vanilla,5.1930766105651855,2.235206127166748,30801
10,5000,1,shared,0.272885799407959,1.5594931596085715e-11,651
10,5000,1,vanilla_aug,1.613937258720398,0.40407657623291016,30801
10,5000,1,shared_aug,0.4656131863594055,1.352831041634417e-11,651
10,5000,2,vanilla,4.984605312347412,2.7834532260894775,30801
10,5000,2,shared,0.3681093156337738,7.820384097245725e-12,651
10,5000,2,vanilla_aug,1.409450650215149,0.37810438871383667,30801
10,5000,2,shared_aug,0.3234628438949585,1.7089499954048293e-11,651
10,5000,3,vanilla,5.171680927276611,2.341374635696411,30801
10,5000,3,shared,0.39026758074760437,1.9943959678192513e-11,651
10,5000,3,vanilla_aug,1.3850204944610596,0.33940377831459045,30801
10,5000,3,shared_aug,0.2349890172481537,8.043387136891234e-12,651
10,5000,4,vanilla,5.244393348693848,2.6483960151672363,30801
10,5000,4,shared,0.6742072701454163,2.2570452451464718e-11,651
10,5000,4,vanilla_aug,1.5921841859817505,0.29916122555732727,30801
10,5000,4,shared_aug,0.4920082688331604,3.5537974472921174e-12,651
10,10000,0,vanilla,2.285719633102417,1.4379384517669678,30801
10,10000,0,shared,0.5526766180992126,4.973232763105795e-12,651
10,10000,0,vanilla_aug,1.3480385541915894,0.31514495611190796,30801
10,10000,0,shared_aug,0.47581684589385986,3.1238217308021676e-12,651
10,10000,1,vanilla,4.176772594451904,2.3675475120544434,30801
10,10000,1,shared,0.2714540958404541,2.3472996116269407e-11,651
10,10000,1,vanilla_aug,1.3781514167785645,0.3757660984992981,30801
10,10000,1,shared_aug,0.8008291125297546,5.25674902912554e-12,651
10,10000,2,vanilla,4.794821262359619,1.9811437129974365,30801
10,10000,2,shared,0.25676801800727844,8.674809134912032e-12,651
10,10000,2,vanilla_aug,1.1326602697372437,0.3259173035621643,30801
10,10000,2,shared_aug,0.22533659636974335,1.8138494178865372e-11,651
10,10000,3,vanilla,4.89516019821167,1.8970190286636353,30801
10,10000,3,shared,0.4407513439655304,1.9247430038671354e-11,651
10,10000,3,vanilla_aug,1.1931664943695068,0.34905362129211426,30801
10,10000,3,shared_aug,0.3028237223625183,4.4301775789512554e-12,651
10,10000,4,vanilla,2.2393980026245117,1.387146234512329,30801
10,10000,4,shared,0.4747263789176941,2.181464384132248e-11,651
10,10000,4,vanilla_aug,1.5935131311416626,0.38364699482917786,30801
10,10000,4,shared_aug,0.2625584602355957,3.824887975789615e-11,651
20,50,0,vanilla,52.570106506347656,24.500377655029297,122401
20,50,0,shared,14.295066833496094,1.2514644702477096e-11,651
20,50,0,vanilla_aug,19.41240692138672,18.848800659179688,122401
20,50,0,shared_aug,3.8708834648132324,6.1118033377327574e-12,651
20,50,1,vanilla,50.22433853149414,51.9942512512207,122401
20,50,1,shared,1.8414100408554077,2.1555021656460838e-11,651
20,50,1,vanilla_aug,14.67040729522705,7.7817702293396,122401
20,50,1,shared_aug,85.86891174316406,8.44010972222975e-12,651
20,50,2,vanilla,52.31580352783203,26.5150203704834,122401
20,50,2,shared,3.3457236289978027,1.8644637916898077e-11,651
20,50,2,vanilla_aug,30.90602684020996,13.211257934570312,122401
20,50,2,shared_aug,2.8016104698181152,1.9208525395275622e-11,651
20,50,3,vanilla,34.692787170410156,40.379154205322266,122401
20,50,3,shared,15.307665824890137,1.564330782966028e-11,651
20,50,3,vanilla_aug,22.027734756469727,8.632084846496582,122401
20,50,3,shared_aug,20.33102035522461,6.4756021725398405e-12,651
20,50,4,vanilla,45.38289260864258,33.77952575683594,122401
20,50,4,shared,19.458385467529297,9.677021337028968e-12,651
20,50,4,vanilla_aug,43.84743118286133,13.125020027160645,122401
20,50,4,shared_aug,28.971654891967773,2.204614789336201e-11,651
20,100,0,vanilla,38.846187591552734,22.172822952270508,122401
20,100,0,shared,944.1002197265625,5.817567336134752e-16,651
20,100,0,vanilla_aug,32.34787368774414,6.196767330169678,122401
20,100,0,shared_aug,949.2408447265625,5.384580504761707e-17,651
20,100,1,vanilla,62.84552001953125,22.338022232055664,122401
20,100,1,shared,7.208459377288818,1.221564949888121e-11,651
20,100,1,vanilla_aug,29.637035369873047,11.498997688293457,122401
20,100,1,shared_aug,46.11524963378906,6.0481389861644086e-12,651
20,100,2,vanilla,25.701812744140625,25.791086196899414,122401
20,100,2,shared,2.479257822036743,1.8289935538318147e-11,651
20,100,2,vanilla_aug,24.99240493774414,21.325267791748047,122401
20,100,2,shared_aug,1.8205268383026123,1.7339513505576498e-11,651
20,100,3,vanilla,28.89552879333496,22.109737396240234,122401
20,100,3,shared,13.243306159973145,7.003108596498331e-12,651
20,100,3,vanilla_aug,21.7262020111084,7.358358860015869,122401
20,100,3,shared_aug,11.316943168640137,1.630951276809789e-11,651
20,100,4,vanilla,47.57564163208008,39.68073654174805,122401
20,100,4,shared,2.5385890007019043,1.9099387002508017e-11,651
20,100,4,vanilla_aug,51.173545837402344,9.990686416625977,122401
20,100,4,shared_aug,6.712550163269043,1.1677911242180539e-11,651
20,500,0,vanilla,28.08538055419922,11.026598930358887,122401
20,500,0,shared,4.382226943969727,7.699325552112946e-12,651
20,500,0,vanilla_aug,15.270537376403809,6.304508209228516,122401
20,500,0,shared_aug,2.1967411041259766,1.482794442786428e-11,651
20,500,1,vanilla,34.786590576171875,22.320764541625977,122401
20,500,1,shared,3.42044734954834,2.4090692982148276e-11,651
20,500,1,vanilla_aug,17.301599502563477,7.1218414306640625,122401
20,500,1,shared_aug,4.797662258148193,5.4358666873310924e-11,651
20,500,2,vanilla,28.694419860839844,14.69293212890625,122401
20,500,2,shared,2.843428373336792,1.6763659904661665e-11,651
20,500,2,vanilla_aug,18.267297744750977,7.9665679931640625,122401
20,500,2,shared_aug,2.87162709236145,2.0351475712998557e-11,651
20,500,3,vanilla,25.680593490600586,10.055180549621582,122401
20,500,3,shared,2.551628351211548,1.0844358397377185e-11,651
20,500,3,vanilla_aug,21.33635902404785,5.24478816986084,122401
20,500,3,shared_aug,2.0958120822906494,2.20470586231869e-11,651
20,500,4,vanilla,33.947208404541016,17.01595687866211,122401
20,500,4,shared,1.4861397743225098,1.2329711036873636e-11,651
20,500,4,vanilla_aug,14.064713478088379,9.297751426696777,122401
20,500,4,shared_aug,4.6518940925598145,1.5142494896869252e-11,651
20,1000,0,vanilla,23.232982635498047,19.33138656616211,122401
20,1000,0,shared,4.036462306976318,9.948378058843854e-12,651
20,1000,0,vanilla_aug,14.753349304199219,8.785920143127441,122401
20,1000,0,shared_aug,215.54315185546875,5.737802594163455e-11,651
20,1000,1,vanilla,19.858478546142578,20.781818389892578,122401
20,1000,1,shared,2.775202751159668,2.349679131818938e-11,651
20,1000,1,vanilla_aug,10.907155990600586,6.529699802398682,122401
20,1000,1,shared_aug,1.076474666595459,2.8202287727374653e-11,651
20,1000,2,vanilla,24.10604476928711,22.09126853942871,122401
20,1000,2,shared,1.3070344924926758,1.7230356030850658e-11,651
20,1000,2,vanilla_aug,11.667998313903809,5.696646213531494,122401
20,1000,2,shared_aug,1.002953290939331,1.5956239801662164e-11,651
20,1000,3,vanilla,22.771757125854492,18.4704532623291,122401
20,1000,3,shared,2.950143814086914,1.159490385649331e-11,651
20,1000,3,vanilla_aug,10.198787689208984,6.785166263580322,122401
20,1000,3,shared_aug,4.222967624664307,7.606601112875033e-12,651
20,1000,4,vanilla,29.370433807373047,8.237539291381836,122401
20,1000,4,shared,2.2870607376098633,1.8668764451001962e-11,651
20,1000,4,vanilla_aug,11.80831527709961,6.796807765960693,122401
20,1000,4,shared_aug,3.3436660766601562,1.1059294105497663e-11,651
20,5000,0,vanilla,13.380851745605469,9.851419448852539,122401
20,5000,0,shared,2.574280261993408,1.3134712935347626e-11,651
20,5000,0,vanilla_aug,10.748712539672852,4.583093643188477,122401
20,5000,0,shared_aug,1.8074796199798584,1.7298109125651884e-11,651
20,5000,1,vanilla,15.639394760131836,10.025779724121094,122401
20,5000,1,shared,1.2088888883590698,2.911573759867281e-11,651
20,5000,1,vanilla_aug,11.336164474487305,4.030152320861816,122401
20,5000,1,shared_aug,1.2275145053863525,3.149283264725078e-11,651
20,5000,2,vanilla,12.626367568969727,9.4378023147583,122401
20,5000,2,shared,0.8377495408058167,2.8507394361776406e-11,651
20,5000,2,vanilla_aug,9.552618980407715,3.9335579872131348,122401
20,5000,2,shared_aug,0.5283843874931335,1.3159554002051266e-10,651
20,5000,3,vanilla,12.52541446685791,9.133216857910156,122401
20,5000,3,shared,0.3813994824886322,1.5214211834813085e-11,651
20,5000,3,vanilla_aug,10.6929292678833,4.628416061401367,122401
20,5000,3,shared_aug,0.8419516682624817,2.807916052449677e-11,651
20,5000,4,vanilla,14.05052661895752,10.301817893981934,122401
20,5000,4,shared,0.3600832521915436,2.623101215404322e-11,651
20,5000,4,vanilla_aug,10.564468383789062,4.637022495269775,122401
20,5000,4,shared_aug,1.2654781341552734,7.474950519670287e-11,651
20,10000,0,vanilla,12.17891788482666,7.93716287612915,122401
20,10000,0,shared,2.289447546005249,1.3557197031666135e-11,651
20,10000,0,vanilla_aug,9.759014129638672,3.7461464405059814,122401
20,10000,0,shared_aug,0.3870604932308197,1.622401345213742e-11,651
20,10000,1,vanilla,12.690079689025879,8.414031982421875,122401
20,10000,1,shared,0.9407558441162109,3.5329787706483984e-11,651
20,10000,1,vanilla_aug,9.68783950805664,3.4068801403045654,122401
20,10000,1,shared_aug,1.230139136314392,1.3433751507030411e-11,651
20,10000,2,vanilla,13.582442283630371,8.060174942016602,122401
20,10000,2,shared,0.681613028049469,3.138056134388556e-11,651
20,10000,2,vanilla_aug,10.77194881439209,3.971043348312378,122401
20,10000,2,shared_aug,0.3892737925052643,1.8412356708741306e-11,651
20,10000,3,vanilla,12.405586242675781,7.736461639404297,122401
20,10000,3,shared,0.6529087424278259,1.634095463109997e-11,651
20,10000,3,vanilla_aug,6.357773303985596,2.2514824867248535,122401
20,10000,3,shared_aug,0.45269134640693665,2.4962540715045556e-11,651
20,10000,4,vanilla,12.677886962890625,7.718019008636475,122401
20,10000,4,shared,0.4656009376049042,2.8342040520046297e-11,651
20,10000,4,vanilla_aug,9.805091857910156,3.3400142192840576,122401
20,10000,4,shared_aug,0.6768913865089417,3.101946477457318e-11,651
