k_sym,n_total,size_tag,data_size,seed,model,loss,symmetry_error,n_params
2,4,small,500,0,vanilla,530.3836669921875,97.05815124511719,3952
2,4,small,500,0,vanilla_aug,409.9786682128906,19.988523483276367,3952
2,4,small,500,0,shared,388.471923828125,7.584490327450233e-12,3948
2,4,small,500,0,shared_aug,386.2047119140625,8.15879828974797e-12,3948
2,4,small,500,1,vanilla,140.19020080566406,41.49605941772461,3952
2,4,small,500,1,vanilla_aug,139.30470275878906,2.845705270767212,3952
2,4,small,500,1,shared,159.16351318359375,2.097886751470379e-12,3948
2,4,small,500,1,shared_aug,154.08926391601562,1.8391893910618684e-12,3948
2,4,small,500,2,vanilla,371.9405212402344,134.4927978515625,3952
2,4,small,500,2,vanilla_aug,121.70580291748047,17.488698959350586,3952
2,4,small,500,2,shared,114.9317855834961,3.700601023531869e-12,3948
2,4,small,500,2,shared_aug,117.39324951171875,3.807457821247695e-12,3948
2,4,small,500,3,vanilla,636.990966796875,127.76593780517578,3952
2,4,small,500,3,vanilla_aug,663.4976806640625,50.012550354003906,3952
2,4,small,500,3,shared,934.6539916992188,2.4648137263855174e-12,3948
2,4,small,500,3,shared_aug,935.7023315429688,2.345353078414547e-12,3948
2,4,small,500,4,vanilla,314.6180114746094,112.04322052001953,3952
2,4,small,500,4,vanilla_aug,363.4769592285156,29.181602478027344,3952
2,4,small,500,4,shared,571.0703125,6.579074524754036e-12,3948
2,4,small,500,4,shared_aug,556.1100463867188,6.705427879616366e-12,3948
2,4,small,2000,0,vanilla,1241.1256103515625,867.2704467773438,3952
2,4,small,2000,0,vanilla_aug,697.72314453125,101.15708923339844,3952
2,4,small,2000,0,shared,1346.9884033203125,2.940738624834793e-11,3948
2,4,small,2000,0,shared_aug,1244.1240234375,2.306231594584318e-11,3948
2,4,small,2000,1,vanilla,1097.8466796875,970.8011474609375,3952
2,4,small,2000,1,vanilla_aug,1175.9881591796875,288.4461975097656,3952
2,4,small,2000,1,shared,1432.057373046875,4.196517439103431e-11,3948
2,4,small,2000,1,shared_aug,1402.1864013671875,3.9189842343523296e-11,3948
2,4,small,2000,2,vanilla,2051.163330078125,1119.9947509765625,3952
2,4,small,2000,2,vanilla_aug,2371.42041015625,225.72361755371094,3952
2,4,small,2000,2,shared,3151.438232421875,3.650939273125431e-11,3948
2,4,small,2000,2,shared_aug,2356.224609375,4.737309156066516e-11,3948
2,4,small,2000,3,vanilla,6667.67626953125,5538.12939453125,3952
2,4,small,2000,3,vanilla_aug,4157.3486328125,1404.138427734375,3952
2,4,small,2000,3,shared,9404.6552734375,1.383655828801622e-10,3948
2,4,small,2000,3,shared_aug,9786.544921875,1.3375808793902877e-10,3948
2,4,small,2000,4,vanilla,6620.638671875,3440.927734375,3952
2,4,small,2000,4,vanilla_aug,7276.45458984375,1440.2481689453125,3952
2,4,small,2000,4,shared,7303.24267578125,8.39718711231896e-11,3948
2,4,small,2000,4,shared_aug,7993.02880859375,8.419756558630809e-11,3948
2,4,small,8000,0,vanilla,5032.73828125,3137.48681640625,3952
2,4,small,8000,0,vanilla_aug,3810.48193359375,547.261962890625,3952
2,4,small,8000,0,shared,3086.046630859375,2.63738891836951e-10,3948
2,4,small,8000,0,shared_aug,2792.87060546875,2.5883928334025086e-10,3948
2,4,small,8000,1,vanilla,14301.6513671875,13228.01953125,3952
2,4,small,8000,1,vanilla_aug,3947.829345703125,2476.723388671875,3952
2,4,small,8000,1,shared,3970.36181640625,6.163757282351412e-10,3948
2,4,small,8000,1,shared_aug,4923.13818359375,6.219664783202461e-10,3948
2,4,small,8000,2,vanilla,9116.974609375,5561.1787109375,3952
2,4,small,8000,2,vanilla_aug,3492.16943359375,2078.387451171875,3952
2,4,small,8000,2,shared,5445.9267578125,5.897436983204329e-10,3948
2,4,small,8000,2,shared_aug,5298.92822265625,5.796325641682643e-10,3948
2,4,small,8000,3,vanilla,2111.026123046875,1833.7509765625,3952
2,4,small,8000,3,vanilla_aug,947.1348266601562,403.0775146484375,3952
2,4,small,8000,3,shared,1474.6036376953125,8.424682479413192e-11,3948
2,4,small,8000,3,shared_aug,1343.7852783203125,9.736724621012272e-11,3948
2,4,small,8000,4,vanilla,1660.4945068359375,3619.3037109375,3952
2,4,small,8000,4,vanilla_aug,718.3124389648438,916.1953735351562,3952
2,4,small,8000,4,shared,2183.635986328125,3.531859249505942e-10,3948
2,4,small,8000,4,shared_aug,2196.944091796875,3.610063636916294e-10,3948
2,4,medium,500,0,vanilla,536.4937133789062,112.71672058105469,20272
2,4,medium,500,0,vanilla_aug,404.07794189453125,13.10386848449707,20272
2,4,medium,500,0,shared,458.8447265625,5.471301363357828e-12,14972
2,4,medium,500,0,shared_aug,573.870361328125,9.76201931790488e-12,14972
2,4,medium,500,1,vanilla,148.42303466796875,33.35734939575195,20272
2,4,medium,500,1,vanilla_aug,161.67857360839844,10.384801864624023,20272
2,4,medium,500,1,shared,140.2318572998047,2.927970583002648e-12,14972
2,4,medium,500,1,shared_aug,157.97694396972656,2.6197542399297724e-12,14972
2,4,medium,500,2,vanilla,393.66815185546875,170.4403533935547,20272
2,4,medium,500,2,vanilla_aug,129.63858032226562,4.031747817993164,20272
2,4,medium,500,2,shared,155.7845458984375,6.308344471794847e-12,14972
2,4,medium,500,2,shared_aug,162.6598663330078,6.482834668392057e-12,14972
2,4,medium,500,3,vanilla,798.7341918945312,73.31949615478516,20272
2,4,medium,500,3,vanilla_aug,739.9020385742188,19.412826538085938,20272
2,4,medium,500,3,shared,677.32470703125,7.534524219809935e-12,14972
2,4,medium,500,3,shared_aug,730.193603515625,8.98503580565313e-12,14972
2,4,medium,500,4,vanilla,374.45758056640625,167.3184051513672,20272
2,4,medium,500,4,vanilla_aug,393.3148498535156,6.378764629364014,20272
2,4,medium,500,4,shared,382.7308654785156,6.816487478633615e-12,14972
2,4,medium,500,4,shared_aug,364.36566162109375,5.447754660575788e-12,14972
2,4,medium,2000,0,vanilla,1278.8779296875,1131.6544189453125,20272
2,4,medium,2000,0,vanilla_aug,1318.63525390625,172.26165771484375,20272
2,4,medium,2000,0,shared,1042.2540283203125,5.0465197992677346e-11,14972
2,4,medium,2000,0,shared_aug,1011.4727172851562,5.3558588120061756e-11,14972
2,4,medium,2000,1,vanilla,1250.1885986328125,958.9360961914062,20272
2,4,medium,2000,1,vanilla_aug,1342.29296875,59.75360870361328,20272
2,4,medium,2000,1,shared,1556.6044921875,5.835126826170267e-11,14972
2,4,medium,2000,1,shared_aug,1444.1402587890625,5.731198501890411e-11,14972
2,4,medium,2000,2,vanilla,2181.808349609375,1083.2957763671875,20272
2,4,medium,2000,2,vanilla_aug,2070.449951171875,146.21664428710938,20272
2,4,medium,2000,2,shared,1894.6490478515625,1.0681752704577718e-10,14972
2,4,medium,2000,2,shared_aug,2581.318603515625,1.3697702694326352e-10,14972
2,4,medium,2000,3,vanilla,6208.1279296875,5138.095703125,20272
2,4,medium,2000,3,vanilla_aug,4726.34716796875,743.556884765625,20272
2,4,medium,2000,3,shared,8122.80859375,2.3157820105979e-10,14972
2,4,medium,2000,3,shared_aug,9293.03515625,2.079726391102099e-10,14972
2,4,medium,2000,4,vanilla,8185.55517578125,4489.5126953125,20272
2,4,medium,2000,4,vanilla_aug,9066.4833984375,2761.911865234375,20272
2,4,medium,2000,4,shared,7718.669921875,1.474891181407756e-10,14972
2,4,medium,2000,4,shared_aug,6772.43310546875,1.1250997355993775e-10,14972
2,4,medium,8000,0,vanilla,5820.7158203125,2296.2353515625,20272
2,4,medium,8000,0,vanilla_aug,5927.96728515625,1892.3631591796875,20272
2,4,medium,8000,0,shared,4625.22119140625,5.01931995966487e-10,14972
2,4,medium,8000,0,shared_aug,4491.0595703125,4.6030032563315615e-10,14972
2,4,medium,8000,1,vanilla,13620.30078125,10420.6357421875,20272
2,4,medium,8000,1,vanilla_aug,5364.85888671875,1721.2637939453125,20272
2,4,medium,8000,1,shared,6786.79638671875,1.324570786387369e-09,14972
2,4,medium,8000,1,shared_aug,6725.59423828125,1.2875444044269102e-09,14972
2,4,medium,8000,2,vanilla,10259.2841796875,7440.60205078125,20272
2,4,medium,8000,2,vanilla_aug,4774.75634765625,2050.07666015625,20272
2,4,medium,8000,2,shared,8103.896484375,1.5719853196927147e-09,14972
2,4,medium,8000,2,shared_aug,7534.1201171875,1.7290454623619667e-09,14972
2,4,medium,8000,3,vanilla,1602.41015625,2462.2529296875,20272
2,4,medium,8000,3,vanilla_aug,771.8554077148438,660.8432006835938,20272
2,4,medium,8000,3,shared,1085.8060302734375,2.7025198745533885e-10,14972
2,4,medium,8000,3,shared_aug,1794.2271728515625,2.72438793746943e-10,14972
2,4,medium,8000,4,vanilla,2305.208740234375,4238.9873046875,20272
2,4,medium,8000,4,vanilla_aug,860.7467041015625,562.4573364257812,20272
2,4,medium,8000,4,shared,4160.03271484375,5.445450201868596e-10,14972
2,4,medium,8000,4,shared_aug,4431.4970703125,5.684283599372009e-10,14972
2,4,large,500,0,vanilla,537.4261474609375,159.21890258789062,30304
2,4,large,500,0,vanilla_aug,382.2029724121094,15.54296875,30304
2,4,large,500,0,shared,532.0177612304688,5.487236099527282e-12,32988
2,4,large,500,0,shared_aug,550.4376831054688,4.737767036328e-12,32988
2,4,large,500,1,vanilla,162.16346740722656,49.14299774169922,30304
2,4,large,500,1,vanilla_aug,152.84893798828125,3.6034369468688965,30304
2,4,large,500,1,shared,170.70884704589844,3.1389576268109343e-12,32988
2,4,large,500,1,shared_aug,170.4050750732422,2.7774193535334835e-12,32988
2,4,large,500,2,vanilla,417.8927001953125,196.5254364013672,30304
2,4,large,500,2,vanilla_aug,137.49862670898438,4.293810844421387,30304
2,4,large,500,2,shared,142.14105224609375,5.5723693888343195e-12,32988
2,4,large,500,2,shared_aug,141.15013122558594,5.893484485153255e-12,32988
2,4,large,500,3,vanilla,635.2720947265625,115.04360961914062,30304
2,4,large,500,3,vanilla_aug,729.5440673828125,19.043212890625,30304
2,4,large,500,3,shared,649.4596557617188,1.1930434071216744e-11,32988
2,4,large,500,3,shared_aug,676.59033203125,2.12483902001237e-11,32988
2,4,large,500,4,vanilla,327.7903137207031,75.8962631225586,30304
2,4,large,500,4,vanilla_aug,353.7322692871094,8.402926445007324,30304
2,4,large,500,4,shared,331.0247802734375,1.9056249633830902e-11,32988
2,4,large,500,4,shared_aug,280.86541748046875,1.0060990235372103e-11,32988
2,4,large,2000,0,vanilla,1250.08447265625,963.2189331054688,30304
2,4,large,2000,0,vanilla_aug,1009.4982299804688,164.73988342285156,30304
2,4,large,2000,0,shared,1019.9185791015625,1.1819684120339957e-10,32988
2,4,large,2000,0,shared_aug,896.2371826171875,1.3160014744606485e-10,32988
2,4,large,2000,1,vanilla,1052.4473876953125,748.5538940429688,30304
2,4,large,2000,1,vanilla_aug,1170.7186279296875,90.755859375,30304
2,4,large,2000,1,shared,1171.4276123046875,1.2217062084207697e-10,32988
2,4,large,2000,1,shared_aug,1159.706298828125,1.3771171702980922e-10,32988
2,4,large,2000,2,vanilla,2044.71240234375,889.3668823242188,30304
2,4,large,2000,2,vanilla_aug,1823.3408203125,218.0329132080078,30304
2,4,large,2000,2,shared,1393.7545166015625,1.9163487463558226e-10,32988
2,4,large,2000,2,shared_aug,1474.8873291015625,1.6303411398688183e-10,32988
2,4,large,2000,3,vanilla,6419.50244140625,3999.80908203125,30304
2,4,large,2000,3,vanilla_aug,3615.2841796875,1266.2208251953125,30304
2,4,large,2000,3,shared,3896.549072265625,4.845652212814855e-10,32988
2,4,large,2000,3,shared_aug,4716.59228515625,3.374585888504811e-10,32988
2,4,large,2000,4,vanilla,6024.2412109375,1797.6112060546875,30304
2,4,large,2000,4,vanilla_aug,7046.51611328125,1061.529296875,30304
2,4,large,2000,4,shared,7302.63916015625,2.572129453870531e-10,32988
2,4,large,2000,4,shared_aug,6952.31640625,2.7964619508935584e-10,32988
2,4,large,8000,0,vanilla,3299.6494140625,1774.32275390625,30304
2,4,large,8000,0,vanilla_aug,2843.897216796875,1014.0264892578125,30304
2,4,large,8000,0,shared,4363.1748046875,5.740858344260857e-10,32988
2,4,large,8000,0,shared_aug,3213.60595703125,5.971882988120569e-10,32988
2,4,large,8000,1,vanilla,10111.23046875,9255.251953125,30304
2,4,large,8000,1,vanilla_aug,2866.156494140625,1405.75244140625,30304
2,4,large,8000,1,shared,6023.0966796875,1.8677861479687863e-09,32988
2,4,large,8000,1,shared_aug,4817.546875,1.681391359475981e-09,32988
2,4,large,8000,2,vanilla,6827.88134765625,3447.325927734375,30304
2,4,large,8000,2,vanilla_aug,2973.636474609375,746.2268676757812,30304
2,4,large,8000,2,shared,4608.193359375,1.8290432501899545e-09,32988
2,4,large,8000,2,shared_aug,4258.05126953125,1.570116925364573e-09,32988
2,4,large,8000,3,vanilla,1839.44287109375,2413.5322265625,30304
2,4,large,8000,3,vanilla_aug,819.4841918945312,211.99276733398438,30304
2,4,large,8000,3,shared,1134.4503173828125,3.5223343686219266e-10,32988
2,4,large,8000,3,shared_aug,1070.9080810546875,2.992081304942218e-10,32988
2,4,large,8000,4,vanilla,1581.5439453125,2839.04931640625,30304
2,4,large,8000,4,vanilla_aug,1108.82568359375,525.8280639648438,30304
2,4,large,8000,4,shared,1986.5162353515625,1.069760280358878e-09,32988
2,4,large,8000,4,shared_aug,1912.9705810546875,1.0687259965891371e-09,32988
3,4,small,500,0,vanilla,545.273193359375,24.895998382568358,3952
3,4,small,500,0,vanilla_aug,457.4367980957031,11.739005279541015,3952
3,4,small,500,0,shared,386.3422546386719,4.848593922190947e-12,1992
3,4,small,500,0,shared_aug,385.25030517578125,5.708932111769815e-12,1992
3,4,small,500,1,vanilla,152.54859924316406,23.029490280151368,3952
3,4,small,500,1,vanilla_aug,155.14825439453125,18.520915603637697,3952
3,4,small,500,1,shared,125.6265640258789,4.427010667773512e-12,1992
3,4,small,500,1,shared_aug,149.75320434570312,3.973556379766041e-12,1992
3,4,small,500,2,vanilla,362.4900817871094,73.66276054382324,3952
3,4,small,500,2,vanilla_aug,123.96958923339844,12.891829681396484,3952
3,4,small,500,2,shared,135.11114501953125,6.293612419411287e-12,1992
3,4,small,500,2,shared_aug,133.67169189453125,5.717245600556087e-12,1992
3,4,small,500,3,vanilla,625.71044921875,56.53307266235352,3952
3,4,small,500,3,vanilla_aug,692.4273681640625,32.922199440002444,3952
3,4,small,500,3,shared,722.2452392578125,1.594249753912591e-12,1992
3,4,small,500,3,shared_aug,723.5106201171875,1.9409042732385084e-12,1992
3,4,small,500,4,vanilla,333.2642822265625,82.82813873291016,3952
3,4,small,500,4,vanilla_aug,372.8060302734375,19.8985954284668,3952
3,4,small,500,4,shared,468.66937255859375,8.539846173966082e-12,1992
3,4,small,500,4,shared_aug,460.1081237792969,7.672975189249031e-12,1992
3,4,small,2000,0,vanilla,1648.1602783203125,904.278955078125,3952
3,4,small,2000,0,vanilla_aug,989.105712890625,218.02724609375,3952
3,4,small,2000,0,shared,1409.123779296875,3.607786708270666e-11,1992
3,4,small,2000,0,shared_aug,1392.1846923828125,3.631597939035558e-11,1992
3,4,small,2000,1,vanilla,1230.8624267578125,800.8847290039063,3952
3,4,small,2000,1,vanilla_aug,307.2745361328125,110.54887542724609,3952
3,4,small,2000,1,shared,856.9690551757812,6.799795379541785e-11,1992
3,4,small,2000,1,shared_aug,888.3892211914062,6.230468849177662e-11,1992
3,4,small,2000,2,vanilla,2097.318115234375,788.9176513671875,3952
3,4,small,2000,2,vanilla_aug,2336.679443359375,373.6128921508789,3952
3,4,small,2000,2,shared,2732.07666015625,9.217635127400924e-11,1992
3,4,small,2000,2,shared_aug,2187.878662109375,9.320052091199571e-11,1992
3,4,small,2000,3,vanilla,6404.5576171875,5297.0134765625,3952
3,4,small,2000,3,vanilla_aug,4852.23828125,2224.959423828125,3952
3,4,small,2000,3,shared,3213.936279296875,2.382458674787813e-10,1992
3,4,small,2000,3,shared_aug,3247.73193359375,2.7536769531266716e-10,1992
3,4,small,2000,4,vanilla,7884.03173828125,2990.682568359375,3952
3,4,small,2000,4,vanilla_aug,5493.28076171875,1023.4348876953125,3952
3,4,small,2000,4,shared,6004.77197265625,1.2543489164018595e-10,1992
3,4,small,2000,4,shared_aug,4142.408203125,1.5980028689188685e-10,1992
3,4,small,8000,0,vanilla,8869.232421875,4285.04130859375,3952
3,4,small,8000,0,vanilla_aug,2033.569580078125,1610.1416015625,3952
3,4,small,8000,0,shared,1486.356201171875,2.7308225680755525e-10,1992
3,4,small,8000,0,shared_aug,1474.151611328125,2.940839460841005e-10,1992
3,4,small,8000,1,vanilla,13353.1171875,28754.8875,3952
3,4,small,8000,1,vanilla_aug,2632.7392578125,2285.03876953125,3952
3,4,small,8000,1,shared,3423.557861328125,1.5344918447013357e-09,1992
3,4,small,8000,1,shared_aug,3626.324462890625,1.3224639383579983e-09,1992
3,4,small,8000,2,vanilla,10655.919921875,15418.6697265625,3952
3,4,small,8000,2,vanilla_aug,3643.781982421875,4480.46318359375,3952
3,4,small,8000,2,shared,6264.95751953125,1.185964126904082e-09,1992
3,4,small,8000,2,shared_aug,6354.41943359375,1.1184061676772216e-09,1992
3,4,small,8000,3,vanilla,1648.2861328125,2568.799169921875,3952
3,4,small,8000,3,vanilla_aug,581.05029296875,610.1299072265625,3952
3,4,small,8000,3,shared,577.32666015625,1.7926521655997617e-10,1992
3,4,small,8000,3,shared_aug,585.59033203125,2.03577044111114e-10,1992
3,4,small,8000,4,vanilla,1976.4488525390625,24973.3015625,3952
3,4,small,8000,4,vanilla_aug,674.7538452148438,785.6396118164063,3952
3,4,small,8000,4,shared,2261.178466796875,5.439610040181009e-10,1992
3,4,small,8000,4,shared_aug,2286.7919921875,4.838322742450885e-10,1992
3,4,medium,500,0,vanilla,560.7263793945312,39.447256088256836,20272
3,4,medium,500,0,vanilla_aug,501.3458557128906,30.524678325653078,20272
3,4,medium,500,0,shared,539.6797485351562,1.5992737516234978e-11,7528
3,4,medium,500,0,shared_aug,751.6416625976562,2.3578450650263428e-11,7528
3,4,medium,500,1,vanilla,159.30975341796875,21.22567367553711,20272
3,4,medium,500,1,vanilla_aug,188.7028350830078,6.125074481964111,20272
3,4,medium,500,1,shared,101.42958068847656,7.304813004482824e-12,7528
3,4,medium,500,1,shared_aug,154.6928253173828,5.0746708918358864e-12,7528
3,4,medium,500,2,vanilla,414.33282470703125,104.79221801757812,20272
3,4,medium,500,2,vanilla_aug,116.24441528320312,11.036371612548828,20272
3,4,medium,500,2,shared,128.96377563476562,2.493163731021042e-11,7528
3,4,medium,500,2,shared_aug,133.0100555419922,1.9357365710348517e-11,7528
3,4,medium,500,3,vanilla,747.400146484375,58.985880279541014,20272
3,4,medium,500,3,vanilla_aug,761.77734375,19.24626989364624,20272
3,4,medium,500,3,shared,745.861572265625,3.843355798546777e-12,7528
3,4,medium,500,3,shared_aug,820.3490600585938,6.045136006355145e-12,7528
3,4,medium,500,4,vanilla,384.3099365234375,103.1633918762207,20272
3,4,medium,500,4,vanilla_aug,416.7450866699219,102.3180435180664,20272
3,4,medium,500,4,shared,433.2953796386719,1.6764948804204316e-11,7528
3,4,medium,500,4,shared_aug,399.65509033203125,1.8205742295662742e-11,7528
3,4,medium,2000,0,vanilla,1345.0234375,430.27720642089844,20272
3,4,medium,2000,0,vanilla_aug,1499.931884765625,264.7294158935547,20272
3,4,medium,2000,0,shared,1484.309814453125,6.690925730135077e-11,7528
3,4,medium,2000,0,shared_aug,1781.7149658203125,6.147325426475447e-11,7528
3,4,medium,2000,1,vanilla,1221.9794921875,864.85625,20272
3,4,medium,2000,1,vanilla_aug,584.4447631835938,294.6614135742187,20272
3,4,medium,2000,1,shared,988.5626831054688,1.7271102881188937e-10,7528
3,4,medium,2000,1,shared_aug,870.9365844726562,1.3984070568184849e-10,7528
3,4,medium,2000,2,vanilla,2031.2327880859375,756.9151733398437,20272
3,4,medium,2000,2,vanilla_aug,2131.211669921875,159.05169219970702,20272
3,4,medium,2000,2,shared,2466.485107421875,2.4526107811340124e-10,7528
3,4,medium,2000,2,shared_aug,2395.0322265625,2.3662693748871534e-10,7528
3,4,medium,2000,3,vanilla,6819.62255859375,4791.3384765625,20272
3,4,medium,2000,3,vanilla_aug,3701.998779296875,1345.747412109375,20272
3,4,medium,2000,3,shared,8694.2490234375,4.871305636644507e-10,7528
3,4,medium,2000,3,shared_aug,8704.7646484375,6.534070950969806e-10,7528
3,4,medium,2000,4,vanilla,6947.58642578125,1553.297802734375,20272
3,4,medium,2000,4,vanilla_aug,8472.77734375,1478.1307373046875,20272
3,4,medium,2000,4,shared,6979.6669921875,2.4320324365501025e-10,7528
3,4,medium,2000,4,shared_aug,6177.04833984375,2.3310253727260033e-10,7528
3,4,medium,8000,0,vanilla,9364.7421875,4086.375732421875,20272
3,4,medium,8000,0,vanilla_aug,3377.343017578125,1759.1085693359375,20272
3,4,medium,8000,0,shared,3771.228759765625,9.037909198816863e-10,7528
3,4,medium,8000,0,shared_aug,4660.1953125,1.224031964675021e-09,7528
3,4,medium,8000,1,vanilla,10832.1064453125,16196.60859375,20272
3,4,medium,8000,1,vanilla_aug,3414.263671875,3001.090185546875,20272
3,4,medium,8000,1,shared,6005.88427734375,3.454615438158726e-09,7528
3,4,medium,8000,1,shared_aug,7293.826171875,3.317001917579887e-09,7528
3,4,medium,8000,2,vanilla,12711.3154296875,11264.461328125,20272
3,4,medium,8000,2,vanilla_aug,4158.515625,3884.859228515625,20272
3,4,medium,8000,2,shared,7649.97802734375,4.089719718436413e-09,7528
3,4,medium,8000,2,shared_aug,7328.1318359375,4.477703408056754e-09,7528
3,4,medium,8000,3,vanilla,1125.526123046875,2619.544189453125,20272
3,4,medium,8000,3,vanilla_aug,755.850341796875,920.2423889160157,20272
3,4,medium,8000,3,shared,1866.2783203125,5.852268558648177e-10,7528
3,4,medium,8000,3,shared_aug,2030.653564453125,7.650007294301986e-10,7528
3,4,medium,8000,4,vanilla,2622.9560546875,8719.58515625,20272
3,4,medium,8000,4,vanilla_aug,945.3765869140625,1035.9874633789063,20272
3,4,medium,8000,4,shared,3452.008544921875,1.5253689422678463e-09,7528
3,4,medium,8000,4,shared_aug,3792.477294921875,1.4130284942126536e-09,7528
3,4,large,500,0,vanilla,552.485107421875,62.33512916564941,30304
3,4,large,500,0,vanilla_aug,477.8236083984375,41.74869270324707,30304
3,4,large,500,0,shared,472.76226806640625,2.0525098634593954e-11,16552
3,4,large,500,0,shared_aug,466.36663818359375,2.0527628902256013e-11,16552
3,4,large,500,1,vanilla,175.45167541503906,51.32401885986328,30304
3,4,large,500,1,vanilla_aug,180.64190673828125,9.872833633422852,30304
3,4,large,500,1,shared,90.58524322509766,8.896706808758647e-12,16552
3,4,large,500,1,shared_aug,102.49414825439453,5.548098178792538e-12,16552
3,4,large,500,2,vanilla,409.07098388671875,117.37298355102538,30304
3,4,large,500,2,vanilla_aug,106.35298919677734,4.042628955841065,30304
3,4,large,500,2,shared,99.40904998779297,1.2537877507046158e-11,16552
3,4,large,500,2,shared_aug,100.99606323242188,1.3598759097954716e-11,16552
3,4,large,500,3,vanilla,653.3941650390625,36.716094207763675,30304
3,4,large,500,3,vanilla_aug,784.3916625976562,22.17923641204834,30304
3,4,large,500,3,shared,795.59814453125,3.903559975260151e-11,16552
3,4,large,500,3,shared_aug,995.228759765625,4.448769755360793e-11,16552
3,4,large,500,4,vanilla,333.66351318359375,73.01816482543946,30304
3,4,large,500,4,vanilla_aug,344.431640625,24.36314105987549,30304
3,4,large,500,4,shared,383.6763610839844,2.672205651199633e-11,16552
3,4,large,500,4,shared_aug,413.8106689453125,2.966071485643873e-11,16552
3,4,large,2000,0,vanilla,1484.5931396484375,387.7601593017578,30304
3,4,large,2000,0,vanilla_aug,1122.914306640625,173.37420349121095,30304
3,4,large,2000,0,shared,615.761474609375,1.1515993020294601e-10,16552
3,4,large,2000,0,shared_aug,501.3306579589844,1.2318944753175741e-10,16552
3,4,large,2000,1,vanilla,1114.91845703125,765.655712890625,30304
3,4,large,2000,1,vanilla_aug,430.375,194.33516540527344,30304
3,4,large,2000,1,shared,507.4315490722656,1.8490732001108511e-10,16552
3,4,large,2000,1,shared_aug,443.06390380859375,1.430703333582528e-10,16552
3,4,large,2000,2,vanilla,1884.0037841796875,1053.2033203125,30304
3,4,large,2000,2,vanilla_aug,1961.0350341796875,237.23675231933595,30304
3,4,large,2000,2,shared,1986.69482421875,5.683193748939885e-10,16552
3,4,large,2000,2,shared_aug,3979.88818359375,7.244290056718228e-10,16552
3,4,large,2000,3,vanilla,6467.560546875,3373.293896484375,30304
3,4,large,2000,3,vanilla_aug,3952.69873046875,1675.226611328125,30304
3,4,large,2000,3,shared,6112.771484375,1.182111342146186e-09,16552
3,4,large,2000,3,shared_aug,5814.57177734375,1.4011004800806858e-09,16552
3,4,large,2000,4,vanilla,6703.8232421875,1201.7778930664062,30304
3,4,large,2000,4,vanilla_aug,4978.42041015625,798.0306884765625,30304
3,4,large,2000,4,shared,3319.75341796875,5.838921068868075e-10,16552
3,4,large,2000,4,shared_aug,3727.79443359375,5.626461963004204e-10,16552
3,4,large,8000,0,vanilla,6159.40576171875,3250.80703125,30304
3,4,large,8000,0,vanilla_aug,1184.5955810546875,701.5904907226562,30304
3,4,large,8000,0,shared,2882.986328125,8.948605523251274e-10,16552
3,4,large,8000,0,shared_aug,2921.442138671875,9.952036084115433e-10,16552
3,4,large,8000,1,vanilla,9653.423828125,12614.0529296875,30304
3,4,large,8000,1,vanilla_aug,2286.09228515625,1671.044970703125,30304
3,4,large,8000,1,shared,4741.14208984375,5.555195858875095e-09,16552
3,4,large,8000,1,shared_aug,4772.12451171875,5.056867546926469e-09,16552
3,4,large,8000,2,vanilla,8667.24609375,9074.640185546876,30304
3,4,large,8000,2,vanilla_aug,2095.257080078125,1102.8857177734376,30304
3,4,large,8000,2,shared,6859.9306640625,3.057777231418868e-09,16552
3,4,large,8000,2,shared_aug,7194.607421875,3.3590085379842093e-09,16552
3,4,large,8000,3,vanilla,1447.3209228515625,2989.76552734375,30304
3,4,large,8000,3,vanilla_aug,479.4540100097656,418.21677856445314,30304
3,4,large,8000,3,shared,1294.586669921875,5.585644391459255e-10,16552
3,4,large,8000,3,shared_aug,1319.80029296875,5.852620055257773e-10,16552
3,4,large,8000,4,vanilla,2158.8759765625,6155.3544921875,30304
3,4,large,8000,4,vanilla_aug,891.8339233398438,639.8848327636719,30304
3,4,large,8000,4,shared,1452.060791015625,1.236333746490459e-09,16552
3,4,large,8000,4,shared_aug,1421.1650390625,1.2156504025639947e-09,16552
4,4,small,500,0,vanilla,574.8973388671875,46.653859806060794,3952
4,4,small,500,0,vanilla_aug,538.635498046875,27.088976287841795,3952
4,4,small,500,0,shared,258.1138916015625,1.1525365731235304e-11,804
4,4,small,500,0,shared_aug,290.0509338378906,1.2837418281175239e-11,804
4,4,small,500,1,vanilla,166.50906372070312,19.723454093933107,3952
4,4,small,500,1,vanilla_aug,158.6679229736328,9.626967620849609,3952
4,4,small,500,1,shared,87.99882507324219,6.67083593225426e-12,804
4,4,small,500,1,shared_aug,98.55506896972656,7.180877420465137e-12,804
4,4,small,500,2,vanilla,362.96051025390625,134.7329246520996,3952
4,4,small,500,2,vanilla_aug,149.25482177734375,27.292860984802246,3952
4,4,small,500,2,shared,116.06260681152344,1.226412929544729e-11,804
4,4,small,500,2,shared_aug,107.32776641845703,1.0071663988919788e-11,804
4,4,small,500,3,vanilla,602.8033447265625,54.170600700378415,3952
4,4,small,500,3,vanilla_aug,701.8738403320312,26.296832275390624,3952
4,4,small,500,3,shared,515.478759765625,1.1805621042380865e-12,804
4,4,small,500,3,shared_aug,514.98974609375,1.2635432630747622e-12,804
4,4,small,500,4,vanilla,337.6647644042969,169.457177734375,3952
4,4,small,500,4,vanilla_aug,356.8184814453125,47.09787788391113,3952
4,4,small,500,4,shared,478.2329406738281,6.807299168798408e-12,804
4,4,small,500,4,shared_aug,477.4907531738281,7.487415722151613e-12,804
4,4,small,2000,0,vanilla,1658.4005126953125,764.3068405151367,3952
4,4,small,2000,0,vanilla_aug,1542.00341796875,286.2441833496094,3952
4,4,small,2000,0,shared,1217.869384765625,6.916280187452272e-11,804
4,4,small,2000,0,shared_aug,1210.30517578125,6.430719637351423e-11,804
4,4,small,2000,1,vanilla,1360.8343505859375,1149.7299438476562,3952
4,4,small,2000,1,vanilla_aug,314.8148498535156,125.91500854492188,3952
4,4,small,2000,1,shared,808.1988525390625,1.3659474384919434e-10,804
4,4,small,2000,1,shared_aug,966.8400268554688,1.161183649234232e-10,804
4,4,small,2000,2,vanilla,2208.284912109375,744.3957214355469,3952
4,4,small,2000,2,vanilla_aug,2217.540283203125,424.4476257324219,3952
4,4,small,2000,2,shared,1349.8553466796875,6.931098472939823e-11,804
4,4,small,2000,2,shared_aug,1530.8609619140625,5.134364114423029e-11,804
4,4,small,2000,3,vanilla,5420.38427734375,3980.567987060547,3952
4,4,small,2000,3,vanilla_aug,3980.970703125,3358.660546875,3952
4,4,small,2000,3,shared,8186.22314453125,3.801280901161164e-10,804
4,4,small,2000,3,shared_aug,8090.50048828125,4.067062658874576e-10,804
4,4,small,2000,4,vanilla,7981.8037109375,2688.615625,3952
4,4,small,2000,4,vanilla_aug,5181.8935546875,908.1311645507812,3952
4,4,small,2000,4,shared,3064.240966796875,5.556378579463229e-10,804
4,4,small,2000,4,shared_aug,2650.265625,6.853011380592023e-10,804
4,4,small,8000,0,vanilla,8708.0234375,4056.027227783203,3952
4,4,small,8000,0,vanilla_aug,1373.6036376953125,1552.81083984375,3952
4,4,small,8000,0,shared,1222.2154541015625,9.912000997758242e-10,804
4,4,small,8000,0,shared_aug,1223.5426025390625,9.462730155007648e-10,804
4,4,small,8000,1,vanilla,10650.2421875,29487.2333984375,3952
4,4,small,8000,1,vanilla_aug,4262.943359375,4740.484912109375,3952
4,4,small,8000,1,shared,6337.857421875,2.646249774862497e-09,804
4,4,small,8000,1,shared_aug,6895.15771484375,2.3707351193280603e-09,804
4,4,small,8000,2,vanilla,11717.990234375,13972.973486328125,3952
4,4,small,8000,2,vanilla_aug,4350.2119140625,5703.7232421875,3952
4,4,small,8000,2,shared,8422.63671875,1.5207678227824318e-09,804
4,4,small,8000,2,shared_aug,8539.6220703125,1.315454523087567e-09,804
4,4,small,8000,3,vanilla,1739.0869140625,2829.250894165039,3952
4,4,small,8000,3,vanilla_aug,770.0667114257812,1017.1748413085937,3952
4,4,small,8000,3,shared,448.691650390625,4.2462652283248305e-10,804
4,4,small,8000,3,shared_aug,438.544677734375,4.0450559568583344e-10,804
4,4,small,8000,4,vanilla,3085.50537109375,22008.461328125,3952
4,4,small,8000,4,vanilla_aug,1483.6748046875,1700.048876953125,3952
4,4,small,8000,4,shared,1118.6995849609375,7.765056486697119e-10,804
4,4,small,8000,4,shared_aug,814.7340698242188,7.948560143411498e-10,804
4,4,medium,500,0,vanilla,590.75,70.72951576709747,20272
4,4,medium,500,0,vanilla_aug,522.5829467773438,67.97571907043456,20272
4,4,medium,500,0,shared,586.142578125,7.695063683477166e-12,3028
4,4,medium,500,0,shared_aug,619.5372314453125,9.510457525674365e-12,3028
4,4,medium,500,1,vanilla,171.1088409423828,30.88155879974365,20272
4,4,medium,500,1,vanilla_aug,169.50164794921875,17.508009719848634,20272
4,4,medium,500,1,shared,105.45056915283203,2.1666364188877018e-11,3028
4,4,medium,500,1,shared_aug,209.22607421875,1.688387103737643e-11,3028
4,4,medium,500,2,vanilla,419.0254821777344,172.62067952156067,20272
4,4,medium,500,2,vanilla_aug,194.53147888183594,27.49192581176758,20272
4,4,medium,500,2,shared,152.3780517578125,4.7393872854017974e-11,3028
4,4,medium,500,2,shared_aug,142.34066772460938,4.785106755278434e-11,3028
4,4,medium,500,3,vanilla,751.37255859375,41.02147598266602,20272
4,4,medium,500,3,vanilla_aug,808.6116943359375,19.59458990097046,20272
4,4,medium,500,3,shared,557.2483520507812,3.784499449932532e-12,3028
4,4,medium,500,3,shared_aug,542.9157104492188,4.403134714475732e-12,3028
4,4,medium,500,4,vanilla,398.373291015625,180.32193145751953,20272
4,4,medium,500,4,vanilla_aug,387.515625,85.91476135253906,20272
4,4,medium,500,4,shared,394.1611022949219,2.338477224361757e-11,3028
4,4,medium,500,4,shared_aug,298.9810485839844,1.9121172353808725e-11,3028
4,4,medium,2000,0,vanilla,1640.36279296875,834.0469093322754,20272
4,4,medium,2000,0,vanilla_aug,1520.88720703125,366.5529098510742,20272
4,4,medium,2000,0,shared,2473.838623046875,4.845540524378578e-10,3028
4,4,medium,2000,0,shared_aug,2323.100341796875,4.1742833079005947e-10,3028
4,4,medium,2000,1,vanilla,1310.8656005859375,669.5998352050781,20272
4,4,medium,2000,1,vanilla_aug,383.27593994140625,135.0644989013672,20272
4,4,medium,2000,1,shared,1543.7908935546875,3.7108731087975856e-10,3028
4,4,medium,2000,1,shared_aug,1731.0858154296875,3.6731896413400024e-10,3028
4,4,medium,2000,2,vanilla,2079.8681640625,582.8998199462891,20272
4,4,medium,2000,2,vanilla_aug,1999.5675048828125,196.89994354248046,20272
4,4,medium,2000,2,shared,3791.773681640625,1.1655909570862377e-09,3028
4,4,medium,2000,2,shared_aug,2721.6435546875,2.3148795769145638e-09,3028
4,4,medium,2000,3,vanilla,6656.388671875,3110.5076232910155,20272
4,4,medium,2000,3,vanilla_aug,3412.86181640625,2704.682177734375,20272
4,4,medium,2000,3,shared,7745.4462890625,1.1733857219198285e-09,3028
4,4,medium,2000,3,shared_aug,7530.79541015625,1.250470305080853e-09,3028
4,4,medium,2000,4,vanilla,7911.43115234375,2302.0328369140625,20272
4,4,medium,2000,4,vanilla_aug,7360.275390625,1291.0570434570313,20272
4,4,medium,2000,4,shared,6356.56640625,3.664303693806659e-10,3028
4,4,medium,2000,4,shared_aug,5965.818359375,3.547615035071061e-10,3028
4,4,medium,8000,0,vanilla,8746.224609375,4158.126659393311,20272
4,4,medium,8000,0,vanilla_aug,3622.249755859375,2696.7003173828125,20272
4,4,medium,8000,0,shared,2953.21533203125,1.4180605578673067e-09,3028
4,4,medium,8000,0,shared_aug,3716.416259765625,1.613889910601074e-09,3028
4,4,medium,8000,1,vanilla,10480.4326171875,17870.666015625,20272
4,4,medium,8000,1,vanilla_aug,5298.9951171875,5390.1873046875,20272
4,4,medium,8000,1,shared,6939.33642578125,6.522166451361499e-09,3028
4,4,medium,8000,1,shared_aug,10495.115234375,6.115247508375887e-09,3028
4,4,medium,8000,2,vanilla,10800.8779296875,11281.70206298828,20272
4,4,medium,8000,2,vanilla_aug,5364.935546875,5099.519677734375,20272
4,4,medium,8000,2,shared,15330.2587890625,7.143031055534266e-09,3028
4,4,medium,8000,2,shared_aug,13644.830078125,7.750829489339139e-09,3028
4,4,medium,8000,3,vanilla,1515.7900390625,2214.863317871094,20272
4,4,medium,8000,3,vanilla_aug,740.839111328125,851.0574584960938,20272
4,4,medium,8000,3,shared,2193.541259765625,1.4023569860910357e-09,3028
4,4,medium,8000,3,shared_aug,2078.93359375,2.0133700706637113e-09,3028
4,4,medium,8000,4,vanilla,4015.992431640625,13076.145703125,20272
4,4,medium,8000,4,vanilla_aug,1566.197998046875,1991.6055419921875,20272
4,4,medium,8000,4,shared,5910.8955078125,2.5549448334771795e-09,3028
4,4,medium,8000,4,shared_aug,5569.53369140625,2.445616287261032e-09,3028
4,4,large,500,0,vanilla,584.867919921875,90.48492584228515,30304
4,4,large,500,0,vanilla_aug,487.5291442871094,25.66745529174805,30304
4,4,large,500,0,shared,418.4754943847656,4.1907270709184986e-11,6644
4,4,large,500,0,shared_aug,401.87457275390625,3.6463758401605875e-11,6644
4,4,large,500,1,vanilla,183.55581665039062,44.14890823364258,30304
4,4,large,500,1,vanilla_aug,196.5050811767578,5.7871194839477536,30304
4,4,large,500,1,shared,253.13357543945312,8.57272005119758e-12,6644
4,4,large,500,1,shared_aug,125.18052673339844,7.80746387679665e-12,6644
4,4,large,500,2,vanilla,416.4631652832031,169.6639699935913,30304
4,4,large,500,2,vanilla_aug,124.05017852783203,26.969304656982423,30304
4,4,large,500,2,shared,93.48035430908203,3.416147122126123e-11,6644
4,4,large,500,2,shared_aug,76.06197357177734,2.0366515418590582e-11,6644
4,4,large,500,3,vanilla,675.969970703125,44.17772026062012,30304
4,4,large,500,3,vanilla_aug,720.7901611328125,29.21463565826416,30304
4,4,large,500,3,shared,721.7777099609375,4.192404756686585e-11,6644
4,4,large,500,3,shared_aug,888.2693481445312,4.9867766860334226e-11,6644
4,4,large,500,4,vanilla,332.6314392089844,104.75773468017579,30304
4,4,large,500,4,vanilla_aug,354.5926818847656,36.40127296447754,30304
4,4,large,500,4,shared,170.5818328857422,3.780046275991822e-11,6644
4,4,large,500,4,shared_aug,211.94699096679688,3.153873065486756e-11,6644
4,4,large,2000,0,vanilla,1911.2381591796875,604.5866279602051,30304
4,4,large,2000,0,vanilla_aug,1176.7830810546875,93.83284301757813,30304
4,4,large,2000,0,shared,1682.068603515625,2.92264884516058e-10,6644
4,4,large,2000,0,shared_aug,898.797607421875,3.066484177693951e-10,6644
4,4,large,2000,1,vanilla,1282.8397216796875,826.8532775878906,30304
4,4,large,2000,1,vanilla_aug,319.4673767089844,131.9742904663086,30304
4,4,large,2000,1,shared,712.7224731445312,3.7124454899117865e-10,6644
4,4,large,2000,1,shared_aug,591.00048828125,3.050068808629902e-10,6644
4,4,large,2000,2,vanilla,2089.260009765625,946.2600830078125,30304
4,4,large,2000,2,vanilla_aug,2041.860107421875,287.1754974365234,30304
4,4,large,2000,2,shared,2302.104736328125,8.645552451724824e-09,6644
4,4,large,2000,2,shared_aug,2195.19482421875,2.530848242088268e-09,6644
4,4,large,2000,3,vanilla,6763.29052734375,2427.5454010009767,30304
4,4,large,2000,3,vanilla_aug,3813.368408203125,1598.3170654296875,30304
4,4,large,2000,3,shared,7907.25146484375,2.4536828124865906e-09,6644
4,4,large,2000,3,shared_aug,9210.00390625,1.825003304034567e-09,6644
4,4,large,2000,4,vanilla,6191.6650390625,1442.63662109375,30304
4,4,large,2000,4,vanilla_aug,5134.15185546875,616.4686584472656,30304
4,4,large,2000,4,shared,3480.620849609375,1.3010383215217303e-09,6644
4,4,large,2000,4,shared_aug,4761.58447265625,1.1984783609975125e-09,6644
4,4,large,8000,0,vanilla,6307.443359375,2558.690850830078,30304
4,4,large,8000,0,vanilla_aug,1285.3486328125,896.785009765625,30304
4,4,large,8000,0,shared,2669.17333984375,2.2972717506064553e-09,6644
4,4,large,8000,0,shared_aug,2279.517822265625,2.074384908290483e-09,6644
4,4,large,8000,1,vanilla,9064.7978515625,13979.761328125,30304
4,4,large,8000,1,vanilla_aug,1523.6015625,1635.78818359375,30304
4,4,large,8000,1,shared,10726.8623046875,1.3403327514538432e-08,6644
4,4,large,8000,1,shared_aug,9617.44140625,9.513340692990369e-09,6644
4,4,large,8000,2,vanilla,9186.6865234375,7561.5794921875,30304
4,4,large,8000,2,vanilla_aug,2041.69482421875,1671.9137451171875,30304
4,4,large,8000,2,shared,9692.767578125,5.79997605498761e-09,6644
4,4,large,8000,2,shared_aug,8618.8291015625,4.335172443248325e-09,6644
4,4,large,8000,3,vanilla,1644.1546630859375,1773.1770217895507,30304
4,4,large,8000,3,vanilla_aug,449.8542175292969,483.9246337890625,30304
4,4,large,8000,3,shared,1444.250732421875,1.1694139323559228e-09,6644
4,4,large,8000,3,shared_aug,1389.96044921875,1.0337875666621698e-09,6644
4,4,large,8000,4,vanilla,2941.08837890625,8746.783203125,30304
4,4,large,8000,4,vanilla_aug,935.2003173828125,840.720361328125,30304
4,4,large,8000,4,shared,1767.688720703125,3.011779314832097e-09,6644
4,4,large,8000,4,shared_aug,2200.327392578125,3.755171551489411e-09,6644
