model depth,data_size,seed,model,loss,accuracy,symmetry_error
3,500,0,symmetric,0.6798054575920105,0.58,5.572653392205271e-15
3,500,0,vanilla,0.7146615386009216,0.4,7.329091313295067e-05
3,500,0,symmetric_aug,0.6817559599876404,0.58,8.48476833497508e-15
3,500,0,vanilla_aug,0.6925806999206543,0.52,0.011315211839973926
3,500,1,symmetric,0.6600357890129089,0.58,2.810168725392065e-15
3,500,1,vanilla,0.6910345554351807,0.48,0.0001857835188275203
3,500,1,symmetric_aug,0.6853498816490173,0.58,8.609224241167869e-16
3,500,1,vanilla_aug,0.6974710822105408,0.48,6.352606942527927e-05
3,500,2,symmetric,0.5892535448074341,0.74,1.0257960998097567e-14
3,500,2,vanilla,0.7216159105300903,0.46,0.0009457385749556124
3,500,2,symmetric_aug,0.6284705996513367,0.66,1.9234335863065902e-15
3,500,2,vanilla_aug,0.653964102268219,0.56,0.019635415449738503
3,500,3,symmetric,0.7167924642562866,0.56,7.892353152852243e-15
3,500,3,vanilla,0.7214767932891846,0.42,0.0218076229095459
3,500,3,symmetric_aug,0.6835905313491821,0.58,8.424039121975556e-15
3,500,3,vanilla_aug,0.7089627981185913,0.42,0.0032496149186044933
3,500,4,symmetric,0.5777316093444824,0.72,7.49356131684556e-15
3,500,4,vanilla,0.6606184244155884,0.58,0.08474761843681336
3,500,4,symmetric_aug,0.6198728680610657,0.64,6.221356539475292e-15
3,500,4,vanilla_aug,0.6384434700012207,0.64,0.026382505148649215
3,1500,0,symmetric,0.6070206427574157,0.66,1.0247250831168167e-14
3,1500,0,vanilla,0.6884539961814881,0.5066666666666667,0.088152294109265
3,1500,0,symmetric_aug,0.604865760008494,0.6533333333333333,5.120696093308163e-15
3,1500,0,vanilla_aug,0.6496066347757975,0.6466666666666666,0.02099223422507445
3,1500,1,symmetric,0.635692142645518,0.64,7.655963593214555e-15
3,1500,1,vanilla,0.6899440455436706,0.52,0.001675565253632764
3,1500,1,symmetric_aug,0.6557775982220968,0.62,8.104467934067749e-15
3,1500,1,vanilla_aug,0.6653309535980224,0.6066666666666667,0.02725947511692842
3,1500,2,symmetric,0.6887095737457275,0.4866666666666667,7.907579381819046e-16
3,1500,2,vanilla,0.6910514855384826,0.4866666666666667,0.0003938446073637654
3,1500,2,symmetric_aug,0.6365212718645732,0.6533333333333333,5.689073016842122e-15
3,1500,2,vanilla_aug,0.661379759311676,0.6266666666666667,0.02151683655877908
3,1500,3,symmetric,0.6714272594451904,0.6066666666666667,5.311789027314906e-15
3,1500,3,vanilla,0.6890183901786804,0.5,0.0016971536291142304
3,1500,3,symmetric_aug,0.6541463915506999,0.6266666666666667,6.126373201151078e-15
3,1500,3,vanilla_aug,0.636317609945933,0.6266666666666667,0.03263387630383174
3,1500,4,symmetric,0.6116106255849203,0.6933333333333334,7.134561451103856e-15
3,1500,4,vanilla,0.6651826842625936,0.5466666666666666,0.03589185103774071
3,1500,4,symmetric_aug,0.6175384243329366,0.6866666666666666,7.126140334245548e-15
3,1500,4,vanilla_aug,0.6716796819368999,0.5533333333333333,0.030675651629765828
3,4110,0,symmetric,0.6445583067381179,0.6204379562043796,8.692728705962108e-15
3,4110,0,vanilla,0.7039093257736986,0.49148418491484186,0.08314814844301768
3,4110,0,symmetric_aug,0.6233078893953866,0.6399026763990268,7.48745155929278e-15
3,4110,0,vanilla_aug,0.652487825593229,0.6228710462287105,0.03166936649275678
3,4110,1,symmetric,0.6116449365940697,0.6593673965936739,4.233461486119751e-15
3,4110,1,vanilla,0.7375856907698359,0.49635036496350365,0.19549555906227656
3,4110,1,symmetric_aug,0.5935913272147632,0.6763990267639902,7.164032115165046e-15
3,4110,1,vanilla_aug,0.6395203814889393,0.6472019464720195,0.02506656548274415
3,4110,2,symmetric,0.5821313984202643,0.6593673965936739,1.3134251251085376e-14
3,4110,2,vanilla,0.7486393047075202,0.48418491484184917,0.21488919343267168
3,4110,2,symmetric_aug,0.5682973696367584,0.6739659367396593,7.810879292242927e-15
3,4110,2,vanilla_aug,0.6310167879663825,0.6642335766423357,0.017842356834028447
3,4110,3,symmetric,0.6264758523363266,0.6180048661800487,7.554467541580355e-15
3,4110,3,vanilla,0.8021008688457981,0.5085158150851582,0.4700872957706451
3,4110,3,symmetric_aug,0.635677745017402,0.6277372262773723,9.219941941808386e-15
3,4110,3,vanilla_aug,0.6318431361748355,0.6155717761557178,0.030837287807038854
3,4110,4,symmetric,0.6401580344441453,0.6301703163017032,1.364935088724591e-14
3,4110,4,vanilla,0.7702971580834864,0.5255474452554745,0.4789360361439841
3,4110,4,symmetric_aug,0.6410562802115206,0.6593673965936739,7.333718697406856e-15
3,4110,4,vanilla_aug,0.655883198236897,0.6034063260340633,0.02765872249645846
5,500,0,symmetric,0.6900879144668579,0.52,9.212630289880218e-16
5,500,0,vanilla,0.6809819936752319,0.6,0.00021821530826855452
5,500,0,symmetric_aug,0.681545615196228,0.44,2.0267120806312463e-15
5,500,0,vanilla_aug,0.6913442015647888,0.54,0.018113852851092814
5,500,1,symmetric,0.6616014242172241,0.62,8.714973234138135e-16
5,500,1,vanilla,0.7082334756851196,0.48,2.0329751350800507e-05
5,500,1,symmetric_aug,0.6970095634460449,0.48,6.861178101601054e-16
5,500,1,vanilla_aug,0.6915411949157715,0.52,2.2807933873991716e-06
5,500,2,symmetric,0.6254885196685791,0.72,8.892331133623108e-16
5,500,2,vanilla,0.6929877996444702,0.46,2.162961973226629e-05
5,500,2,symmetric_aug,0.576405942440033,0.76,1.9949874568555497e-15
5,500,2,vanilla_aug,0.6940611004829407,0.52,0.005718997959047556
5,500,3,symmetric,0.6932817101478577,0.56,2.0918821603182817e-15
5,500,3,vanilla,0.7681211233139038,0.42,0.02584146521985531
5,500,3,symmetric_aug,0.7051875591278076,0.46,1.3282708198852736e-15
5,500,3,vanilla_aug,0.7168206572532654,0.42,0.0010992271360009908
5,500,4,symmetric,0.6304726600646973,0.6,2.423700117625102e-15
5,500,4,vanilla,0.6807124614715576,0.58,0.0005279979843180627
5,500,4,symmetric_aug,0.6436363458633423,0.68,1.6401879286787675e-15
5,500,4,vanilla_aug,0.6447036862373352,0.62,0.024810125306248664
5,1500,0,symmetric,0.6174272553126017,0.64,3.0617186289504764e-15
5,1500,0,vanilla,0.6828493595123291,0.5133333333333333,0.07634762823581695
5,1500,0,symmetric_aug,0.6207185610135396,0.64,2.751836559164408e-15
5,1500,0,vanilla_aug,0.6428122615814209,0.6066666666666667,0.06699000919858615
5,1500,1,symmetric,0.6419571336110433,0.6266666666666667,3.562512297106497e-15
5,1500,1,vanilla,0.6801463031768799,0.5333333333333333,0.015717336970070998
5,1500,1,symmetric_aug,0.6369182785352071,0.64,3.98771665328764e-15
5,1500,1,vanilla_aug,0.6745275712013244,0.5933333333333334,0.024187582110365233
5,1500,2,symmetric,0.6402864050865174,0.6533333333333333,1.6740791427372067e-15
5,1500,2,vanilla,0.6960034020741781,0.5133333333333333,0.014926456846296787
5,1500,2,symmetric_aug,0.6407460268338522,0.6466666666666666,2.205637188709661e-15
5,1500,2,vanilla_aug,0.6800293493270874,0.5933333333333334,0.005229636561125517
5,1500,3,symmetric,0.6733434534072876,0.6,3.748716439286004e-15
5,1500,3,vanilla,0.7073889787991842,0.4666666666666667,0.028388830025990804
5,1500,3,symmetric_aug,0.6459736291567485,0.62,3.0635144587949897e-15
5,1500,3,vanilla_aug,0.6780007719993592,0.58,0.042307123914361
5,1500,4,symmetric,0.6009493978818258,0.66,2.950956210313394e-15
5,1500,4,vanilla,0.6891950766245524,0.58,0.0008536154753528535
5,1500,4,symmetric_aug,0.631779088973999,0.6933333333333334,4.19730542696506e-15
5,1500,4,vanilla_aug,0.6294020676612854,0.6666666666666666,0.06402122949560483
5,4110,0,symmetric,0.6549852138018086,0.610705596107056,3.806508551423707e-15
5,4110,0,vanilla,0.7057641849030544,0.49878345498783455,0.26597027991499217
5,4110,0,symmetric_aug,0.6440577208270701,0.6131386861313869,5.581690773934588e-15
5,4110,0,vanilla_aug,0.6551928378079639,0.6131386861313869,0.035407484828361445
5,4110,1,symmetric,0.6222611385830418,0.656934306569343,3.790311145739131e-15
5,4110,1,vanilla,0.7492167189753549,0.5158150851581509,0.34451738681112015
5,4110,1,symmetric_aug,0.6061543155180567,0.6593673965936739,3.472894376048939e-15
5,4110,1,vanilla_aug,0.6645462807367608,0.5912408759124088,0.04521581647651536
5,4110,2,symmetric,0.5827611609386991,0.6545012165450121,3.626511472731915e-15
5,4110,2,vanilla,0.6993035050494247,0.48418491484184917,0.371857259954725
5,4110,2,symmetric_aug,0.5717556330119317,0.6861313868613139,4.141022771907757e-15
5,4110,2,vanilla_aug,0.6520208875918331,0.6228710462287105,0.029417740872928075
5,4110,3,symmetric,0.6210865334872782,0.6301703163017032,3.7832969808573896e-15
5,4110,3,vanilla,0.7363606794327134,0.49391727493917276,0.3540949204138347
5,4110,3,symmetric_aug,0.6183283128877626,0.6326034063260341,3.286688101161475e-15
5,4110,3,vanilla_aug,0.6098755553110963,0.6763990267639902,0.05338869243860245
5,4110,4,symmetric,0.6439656436878399,0.6520681265206812,5.503281914145382e-15
5,4110,4,vanilla,0.7263202246668276,0.49148418491484186,0.18287088785852704
5,4110,4,symmetric_aug,0.6389629411581369,0.6496350364963503,4.767802576819998e-15
5,4110,4,vanilla_aug,0.6586656296340219,0.610705596107056,0.037102877721190454
7,500,0,symmetric,0.7071862816810608,0.44,6.726841111386245e-16
7,500,0,vanilla,0.7072525024414062,0.4,0.00011908000014955178
7,500,0,symmetric_aug,0.6736753582954407,0.62,1.0689227145565735e-15
7,500,0,vanilla_aug,0.7109864950180054,0.4,0.01183618800714612
7,500,1,symmetric,0.6635653972625732,0.6,1.3339607001809834e-15
7,500,1,vanilla,0.6945974826812744,0.48,4.775503839482553e-06
7,500,1,symmetric_aug,0.6717513799667358,0.6,1.0527689492194868e-15
7,500,1,vanilla_aug,0.6577571034431458,0.64,0.01984057407826185
7,500,2,symmetric,0.6563407778739929,0.6,1.2463155329747972e-15
7,500,2,vanilla,0.7431280016899109,0.38,0.05194223448634148
7,500,2,symmetric_aug,0.622057318687439,0.68,1.6637802103036996e-15
7,500,2,vanilla_aug,0.6854150295257568,0.62,0.012614330649375916
7,500,3,symmetric,0.7058625221252441,0.48,1.7360557105720723e-15
7,500,3,vanilla,0.698494553565979,0.42,0.0010412772535346448
7,500,3,symmetric_aug,0.7224436402320862,0.46,7.981254342864264e-16
7,500,3,vanilla_aug,0.6652652621269226,0.6,0.05834122374653816
7,500,4,symmetric,0.6538040041923523,0.62,1.8534062808868194e-15
7,500,4,vanilla,0.6626014709472656,0.58,0.005536684021353722
7,500,4,symmetric_aug,0.6363701820373535,0.6,1.7867651590802877e-15
7,500,4,vanilla_aug,0.6322108507156372,0.64,0.013506586849689483
7,1500,0,symmetric,0.6085962454477946,0.6533333333333333,3.1366402601460718e-15
7,1500,0,vanilla,0.7041236877441406,0.5066666666666667,0.13155315021673838
7,1500,0,symmetric_aug,0.6227419185638428,0.6533333333333333,5.748274408280251e-15
7,1500,0,vanilla_aug,0.6465494298934936,0.6466666666666666,0.03443476197620233
7,1500,1,symmetric,0.6543442447980244,0.62,2.7499493838751417e-15
7,1500,1,vanilla,0.6701233800252279,0.5266666666666666,0.11822119355201721
7,1500,1,symmetric_aug,0.6636658382415771,0.6333333333333333,2.0404711497128952e-15
7,1500,1,vanilla_aug,0.6734939543406169,0.5933333333333334,0.03927567191421986
7,1500,2,symmetric,0.6543613950411479,0.6,2.2303353141988805e-15
7,1500,2,vanilla,0.6860991827646892,0.5133333333333333,0.023378604650497438
7,1500,2,symmetric_aug,0.6474299613634745,0.6866666666666666,2.6576436931623963e-15
7,1500,2,vanilla_aug,0.6380959415435791,0.6733333333333333,0.049097907915711406
7,1500,3,symmetric,0.6485637640953064,0.62,1.6550103170414482e-15
7,1500,3,vanilla,0.7170399435361227,0.4666666666666667,0.03215593304485083
7,1500,3,symmetric_aug,0.6561461353302002,0.6133333333333333,2.9269832014958873e-15
7,1500,3,vanilla_aug,0.6586272676785787,0.6,0.025114895589649678
7,1500,4,symmetric,0.6161190835634868,0.6333333333333333,3.695649683968364e-15
7,1500,4,vanilla,0.6912752469380696,0.5066666666666667,0.013351039836804073
7,1500,4,symmetric_aug,0.6353460343678793,0.62,3.508328446503586e-15
7,1500,4,vanilla_aug,0.6406458377838135,0.6333333333333333,0.05365957717100779
7,4110,0,symmetric,0.6570864311099922,0.6301703163017032,3.3312647497956262e-15
7,4110,0,vanilla,0.7047919124872435,0.4744525547445255,0.1169023545725005
7,4110,0,symmetric_aug,0.627624902702016,0.6155717761557178,4.562575629555641e-15
7,4110,0,vanilla_aug,0.6684887475921,0.6082725060827251,0.04543167315423489
7,4110,1,symmetric,0.608462645044582,0.6399026763990268,2.9404934022139073e-15
7,4110,1,vanilla,0.6915411734522984,0.5182481751824818,0.26388825923204423
7,4110,1,symmetric_aug,0.5986289651724543,0.681265206812652,4.943508501897706e-15
7,4110,1,vanilla_aug,0.6529704100314138,0.6326034063260341,0.0523462604199137
7,4110,2,symmetric,0.5872454457619475,0.6739659367396593,2.9610634339816238e-15
7,4110,2,vanilla,0.7540416243302561,0.48661800486618007,0.20460674379553115
7,4110,2,symmetric_aug,0.5805149250947066,0.6934306569343066,4.736516446875506e-15
7,4110,2,vanilla_aug,0.6367143427368498,0.656934306569343,0.03729605126593794
7,4110,3,symmetric,0.6182162283110793,0.6374695863746959,4.24951814517967e-15
7,4110,3,vanilla,0.7372913724604604,0.5012165450121655,0.30021182341235025
7,4110,3,symmetric_aug,0.6209156037537141,0.635036496350365,3.3901333823236812e-15
7,4110,3,vanilla_aug,0.6449499291225071,0.5985401459854015,0.027238335194332258
7,4110,4,symmetric,0.6591446683934715,0.6496350364963503,4.328048348488805e-15
7,4110,4,vanilla,0.7280340132342058,0.49878345498783455,0.10818311380488532
7,4110,4,symmetric_aug,0.6453495366439912,0.6496350364963503,4.6860131177847705e-15
7,4110,4,vanilla_aug,0.664529572293126,0.5815085158150851,0.03287746315555913
