model depth,data_size,model,loss_mean,loss_std,loss_n_seeds_used,accuracy_mean,accuracy_std,accuracy_n_seeds_used,symmetry_error_mean,symmetry_error_std,symmetry_error_n_seeds_used,n_params
3,500,symmetric,0.6430315971374512,0.04761059895904925,3,0.6266666666666666,0.08082903768654763,3,6.986189287301025e-15,1.2402909042476731e-15,3,38323
3,500,symmetric_aug,0.6646056969960531,0.03130735309961933,3,0.6,0.034641016151377574,3,5.522943082585813e-15,3.306101042038149e-15,3,38323
3,500,vanilla,0.709057629108429,0.01597608564667748,3,0.4533333333333333,0.030550504633038916,3,0.007646381667776332,0.012269879708152404,3,283970
3,500,vanilla_aug,0.6813386281331381,0.023832802174359402,3,0.52,0.040000000000000036,3,0.0114000807361056,0.00819322993749575,3,283970
3,1500,symmetric,0.6395766758918763,0.030096920448776016,3,0.6355555555555555,0.026943012562182525,3,6.700771357211105e-15,1.2308204511716208e-15,3,38323
3,1500,symmetric_aug,0.6360686959160698,0.018308179447888307,3,0.6444444444444445,0.015396007178390007,3,6.313862184079583e-15,7.366510080947035e-16,3,38323
3,1500,vanilla,0.689138810634613,0.0007522882360441558,3,0.508888888888889,0.010183501544346323,3,0.013088189973495867,0.019748552730876404,3,283970
3,1500,vanilla_aug,0.6587724492284986,0.008179981663067652,3,0.62,0.011547005383792533,3,0.026483987768491066,0.0046283916047395466,3,283970
3,4110,symmetric,0.6260929411248473,0.01426040507835955,3,0.6366585563665855,0.020259523109159412,3,9.793815832875946e-15,2.948353982649629e-15,3,38323
3,4110,symmetric_aug,0.6175256538758506,0.02163081890653029,3,0.6577453365774534,0.01708946269724692,3,7.544016516314189e-15,2.4355749647301627e-16,3,38323
3,4110,vanilla,0.7521740511869476,0.01663973701590186,3,0.4987834549878345,0.00877263084054503,3,0.29349068275519774,0.15324425294254562,3,283970
3,4110,vanilla_aug,0.6412837810856679,0.010434700949178677,3,0.6285482562854826,0.016561701424705696,3,0.027854191928747097,0.002890322691369902,3,283970
5,500,symmetric,0.6607206662495931,0.02981738486699904,3,0.5933333333333334,0.030550504633038923,3,1.3007927675562048e-15,6.852906678039992e-16,3,587571
5,500,symmetric_aug,0.6740638415018717,0.027461933507908723,3,0.54,0.12165525060596442,3,1.654482068473197e-15,3.3358808481057257e-16,3,587571
5,500,vanilla,0.6940677563349406,0.01365780171820403,3,0.5066666666666667,0.06429100507328636,3,0.00025594763743958876,0.0002552842076232178,3,1222146
5,500,vanilla_aug,0.6923154989878336,0.0015149406027540413,3,0.5266666666666667,0.011547005383792533,3,0.008310692648713734,0.00879841082693345,3,1222146
5,1500,symmetric,0.6332235980033875,0.01370551586968624,3,0.64,0.013333333333333308,3,3.1917290454567888e-15,3.2584849719391367e-16,3,587571
5,1500,symmetric_aug,0.636481131447686,0.004499424055111177,3,0.6422222222222222,0.00384900179459745,3,3.267689223749013e-15,6.427405407670618e-16,3,587571
5,1500,vanilla,0.6893492794036865,0.006578376912472678,3,0.52,0.011547005383792533,3,0.019677541280786134,0.007554554026829936,3,1222146
5,1500,vanilla_aug,0.6651135349273681,0.01939138663386037,3,0.5977777777777779,0.007698003589195036,3,0.04350531184011034,0.019943836309295165,3,1222146
5,4110,symmetric,0.6291044385860532,0.012883574313472803,3,0.6455798864557988,0.013400414956900468,3,3.793372226006742e-15,1.1904701228605437e-17,3,587571
5,4110,symmetric_aug,0.6211485231879853,0.016585133966924848,3,0.6472019464720195,0.013546871929026824,3,4.1272399082588984e-15,6.475641185271212e-16,3,587571
5,4110,vanilla,0.7228150296675317,0.015596511256148936,3,0.494728304947283,0.003716606403046088,3,0.321527529046649,0.04835171388674368,3,1222146
5,4110,vanilla_aug,0.6552931183446064,0.0033235058810433273,3,0.6155717761557178,0.0064373511218116485,3,0.039242059675355705,0.005242415188137447,3,1222146
7,500,symmetric,0.6752562324206034,0.026750841266037977,3,0.5599999999999999,0.06928203230275508,3,1.438777314575951e-15,2.6115369493493716e-16,3,1654451
7,500,symmetric_aug,0.6605989734331766,0.02100478927599767,3,0.6066666666666666,0.011547005383792533,3,1.2618239580265867e-15,3.4819801491699796e-16,3,1654451
7,500,vanilla,0.7001148462295532,0.006481233873195453,3,0.43333333333333335,0.04163331998932264,3,0.0022323470916792666,0.0028985503018139,3,1435778
7,500,vanilla_aug,0.6694791316986084,0.014302368383354526,3,0.62,0.020000000000000018,3,0.015320497192442365,0.003939841566870272,3,1435778
7,1500,symmetric,0.6396756974856058,0.020604345024665485,3,0.6244444444444445,0.007698003589194979,3,2.7056416527400315e-15,4.547741692761816e-16,3,1654451
7,1500,symmetric_aug,0.646307377020518,0.010445391171036815,3,0.6355555555555555,0.016777409856157218,3,3.030985113720623e-15,4.3477400531953554e-16,3,1654451
7,1500,vanilla,0.693832705815633,0.009280417117316897,3,0.508888888888889,0.0038490017945974737,3,0.05791857708245513,0.05240767632934993,3,1435778
7,1500,vanilla_aug,0.6486075117852953,0.009165682247935004,3,0.6266666666666666,0.02403700850309325,3,0.040936113935377834,0.007471262476319251,3,1435778
7,4110,symmetric,0.6279217681552178,0.02572384634115426,3,0.6423357664233577,0.006437351121811659,3,3.513948776318973e-15,6.633694113103177e-16,3,1654451
7,4110,symmetric_aug,0.6157231572093949,0.015179335431476253,3,0.6553122465531224,0.02363147166964059,3,4.661701731405306e-15,8.948259391213691e-17,3,1654451
7,4110,vanilla,0.7233724327273032,0.016743699539063416,3,0.4955393349553933,0.007821290154901052,3,0.19513245253335862,0.07394954826323466,3,1435778
7,4110,vanilla_aug,0.654149970482349,0.00984297357586864,3,0.6131386861313869,0.01754526168108995,3,0.038535062525243934,0.00636815584358828,3,1435778
