k_sym,size_tag,data_size,model,loss_mean,loss_std,loss_n_seeds_used,symmetry_error_mean,symmetry_error_std,symmetry_error_n_seeds_used,n_params
2,small,500,shared,372.90191650390625,206.39433537970152,3,4.2481630915571405e-12,2.111078786545655e-12,3,3948
2,small,500,shared_aug,365.46800740559894,201.8110144912626,3,4.286079593092869e-12,2.2190926452903966e-12,3,3948
2,small,500,vanilla,405.64739990234375,111.76233612934713,3,112.28910319010417,15.35536982850347,3,3952
2,small,500,vanilla_aug,304.2534434000651,144.72963592151433,3,22.219608306884766,6.157459118164945,3,3952
2,small,2000,shared,3962.24609375,3018.4037595647555,3,5.414881274849274e-11,2.59711858892741e-11,3,3948
2,small,2000,shared_aug,3917.1466064453125,3561.9038476533146,3,5.692016649683218e-11,2.3974648438556278e-11,3,3948
2,small,2000,vanilla,3304.3092041015625,2900.443264565227,3,1843.9078776041667,1385.070034338605,3,3952
2,small,2000,vanilla_aug,2568.252400716146,1500.394845637589,3,639.4360809326172,662.9938083513094,3,3952
2,small,8000,shared,3080.0148111979165,893.3781870537317,3,4.02222838369326e-10,1.6844360368031274e-10,3,3948
2,small,8000,shared_aug,3304.317626953125,1433.2540243711078,3,3.998260704000482e-10,1.6388199863864215e-10,3,3948
2,small,8000,vanilla,5420.246337890625,3519.0127051123136,3,4105.98974609375,1283.0503000725275,3,3952
2,small,8000,vanilla_aug,2749.9287312825522,1569.3565907153832,3,1180.6149291992188,799.0773374832434,3,3952
2,medium,500,shared,332.45337931315106,157.66178194909781,3,6.1987111045954295e-12,6.792613838466769e-13,3,14972
2,medium,500,shared_aug,366.9652964274089,205.61757311664044,3,6.971875044873658e-12,1.8186423073825893e-12,3,14972
2,medium,500,vanilla,434.87314860026044,88.5286162873975,3,117.78487396240234,47.20395488896642,3,20272
2,medium,500,vanilla_aug,319.6904551188151,136.9480816273719,3,9.955811659495035,3.3830134366646893,3,20272
2,medium,2000,shared,3723.307820638021,3464.210915981316,3,1.0421930448275181e-10,4.462568924544802e-11,3,14972
2,medium,2000,shared_aug,3599.297322591146,2806.2228474165163,3,1.0226632850736846e-10,4.0808441824881726e-11,3,14972
2,medium,2000,vanilla,3222.9380696614585,2624.3741560811786,3,2234.8209635416665,1952.7700180934823,3,20272
2,medium,2000,vanilla_aug,2713.030029296875,1781.18993187556,3,354.01172892252606,337.6072526053475,3,20272
2,medium,8000,shared,5190.683430989583,1401.7069969385568,3,7.903492675135718e-10,4.631397638717406e-10,3,14972
2,medium,8000,shared_aug,5216.05029296875,1307.6425792141304,3,7.720910299990891e-10,4.496577074368733e-10,3,14972
2,medium,8000,vanilla,6128.402913411458,3985.9544069861886,3,4713.947428385417,2522.9309011943,3,20272
2,medium,8000,vanilla_aug,3666.787312825521,2447.948768869141,3,1424.8233846028645,667.1341988400037,3,20272
2,large,500,shared,344.58379618326825,181.03568170844272,3,7.663346519859449e-12,3.695651369846507e-12,3,32988
2,large,500,shared_aug,333.90272521972656,195.488907105021,3,6.897413918951119e-12,2.800014649558929e-12,3,32988
2,large,500,vanilla,427.7030537923177,105.16167541107598,3,116.71959177652995,41.6865955555421,3,30304
2,large,500,vanilla_aug,296.2613932291667,125.01197731726425,3,9.413235346476236,5.692225527282887,3,30304
2,large,2000,shared,2153.910400390625,1513.2578989152034,3,1.9033948028823744e-10,6.753048118823097e-11,3,32988
2,large,2000,shared_aug,2450.395304361979,1968.9010481184314,3,1.9346400870201563e-10,7.570226472695236e-11,3,32988
2,large,2000,vanilla,3106.3460286458335,2558.0153650419206,3,1216.7323404947917,504.40928192467146,3,30304
2,large,2000,vanilla_aug,2203.114542643229,1265.7591573202021,3,481.4340311686198,503.0834172651065,3,30304
2,large,8000,shared,3652.628133138021,1448.0867256468043,3,1.1576297883249727e-09,6.320761953023025e-10,3,32988
2,large,8000,shared_aug,3128.209269205729,1174.8703352221912,3,1.078677073588589e-09,4.865406417160113e-10,3,32988
2,large,8000,vanilla,3988.9912109375,2564.66833982514,3,2899.9691569010415,519.582307599185,3,30304
2,large,8000,vanilla_aug,2272.9597981770835,1008.2311473117203,3,762.0271402994791,244.4824371521827,3,30304
3,small,500,shared,330.0409240722656,173.76033108109303,3,5.189739003125249e-12,9.789461167442035e-13,3,1992
3,small,500,shared_aug,331.70387776692706,161.9582011518617,3,5.133244697363981e-12,1.0043281455798226e-12,3,1992
3,small,500,vanilla,413.6758524576823,114.89966030970483,3,51.69727719624837,24.740411501541413,3,3952
3,small,500,vanilla_aug,328.4636942545573,155.9463785599149,3,17.10378023783366,3.7121282362465418,3,3952
3,small,2000,shared,2451.7122395833335,934.4999712581338,3,9.5203065569871e-11,2.883784331078729e-11,3,1992
3,small,2000,shared_aug,2275.9317626953125,930.9021981301141,3,1.0510183209855305e-10,4.9825483769034786e-11,3,1992
3,small,2000,vanilla,3383.3453369140625,2626.067101669643,3,1565.2820841471355,1235.515073477753,3,3952
3,small,2000,vanilla_aug,2726.0078125,1960.7729966630507,3,538.3583419799805,427.2308096533916,3,3952
3,small,8000,shared,2390.3641764322915,975.0406549003675,3,6.67669129243246e-10,4.688454994694661e-10,3,1992
3,small,8000,shared_aug,2462.4226888020835,1086.782683863549,3,6.321074626688035e-10,4.317012043990853e-10,3,1992
3,small,8000,vanilla,7167.2003987630205,4583.22913093311,3,14892.337532552085,10354.16811082272,3,3952
3,small,8000,vanilla_aug,1780.354227701823,1003.2523261849905,3,1560.273327636719,750.9424692326626,3,3952
3,medium,500,shared,367.31296793619794,213.15994367946968,3,1.3354166441640706e-11,5.253102447512063e-12,3,7528
3,medium,500,shared_aug,435.3298594156901,300.0691511042861,3,1.4536081337455469e-11,7.375884596718817e-12,3,7528
3,medium,500,vanilla,453.123046875,94.38856567774904,3,67.19884274800619,32.64239657744014,3,20272
3,medium,500,vanilla_aug,368.93125915527344,161.71282003398724,3,20.26910661061605,9.784332928114837,3,20272
3,medium,2000,shared,3643.4873046875,2930.654919466852,3,2.2039178352676694e-10,4.130556195356476e-11,3,7528
3,medium,2000,shared_aug,3451.265177408854,2380.4327131933937,3,2.0319006014772136e-10,5.489044436559925e-11,3,7528
3,medium,2000,vanilla,3398.626261393229,2982.470882892681,3,1058.3564086914064,432.0162689766861,3,20272
3,medium,2000,vanilla_aug,2444.3807779947915,1133.9448045147592,3,635.0460805257162,615.6673356264552,3,20272
3,medium,8000,shared,4409.707194010417,1391.5140485852462,3,1.961258433436086e-09,1.3301038181826272e-09,3,7528
3,medium,8000,shared_aug,5248.832926432292,1823.3846741533048,3,1.9846874588225208e-09,1.1576814263020583e-09,3,7528
3,medium,8000,vanilla,7606.6015625,4377.879781004864,3,8023.474072265625,3639.3208412758277,3,20272
3,medium,8000,vanilla_aug,2578.994425455729,1414.8749822792074,3,1932.0620727539062,993.9023407389693,3,20272
3,large,500,shared,318.6158930460612,194.99437104285693,3,1.992834421787881e-11,7.110894485683154e-12,3,16552
3,large,500,shared_aug,327.5571517944336,196.67371239566185,3,2.126236761888315e-11,8.056145879585201e-12,3,16552
3,large,500,vanilla,431.7398681640625,111.15813628354184,3,62.22577095031738,10.847486423516589,3,30304
3,large,500,vanilla_aug,334.29905192057294,148.8497328375041,3,18.80507036844889,7.812233975989952,3,30304
3,large,2000,shared,1974.0699055989583,1352.040180196476,3,4.4570626726396037e-10,2.259926893985424e-10,3,16552
3,large,2000,shared_aug,2736.3377583821616,1939.6727478891326,3,4.767151784434987e-10,3.000542973213251e-10,3,16552
3,large,2000,vanilla,3278.7191569010415,2768.8290437564942,3,1006.878975423177,221.72076516958862,3,30304
3,large,2000,vanilla_aug,2345.549357096354,1453.5502811155573,3,409.86753540039064,336.8428589037668,3,30304
3,large,8000,shared,3025.3964029947915,1649.1587005632723,3,1.7296571767448181e-09,1.1627889513165832e-09,3,16552
3,large,8000,shared_aug,3038.243896484375,1678.5304092619922,3,1.8566208496532488e-09,1.3057663542147797e-09,3,16552
3,large,8000,vanilla,5661.842610677083,3282.5900159067523,3,6160.267236328126,2911.9196852872024,3,30304
3,large,8000,vanilla_aug,1390.5621948242188,627.593425741736,3,814.7870137532553,251.4011624866108,3,30304
4,small,500,shared,284.136479695638,182.4821059743085,3,8.334500277429324e-12,2.7642127834071236e-12,3,804
4,small,500,shared_aug,291.6231511433919,185.0865016454632,3,8.246652377178847e-12,1.5879206434334684e-12,3,804
4,small,500,vanilla,425.17420450846356,130.2794358721759,3,78.5191283861796,48.82743610295187,3,3952
4,small,500,vanilla_aug,351.37396748860675,190.04228891467434,3,26.892889849344886,0.5261708049814698,3,3952
4,small,2000,shared,1877.3218994140625,1030.0183143630306,3,1.9534460623156966e-10,1.6352516013661506e-10,3,804
4,small,2000,shared_aug,1797.1439208984375,756.0102410104455,3,1.95710609061465e-10,1.8455480133608227e-10,3,804
4,small,2000,vanilla,3095.689900716146,2031.9316355927788,3,1534.2174697875973,1018.142459439722,3,3952
4,small,2000,vanilla_aug,2580.1714680989585,1259.2721654629825,3,539.6076578776042,326.54590657308233,3,3952
4,small,8000,shared,2892.9241536458335,2983.8486557975843,3,1.0961578570759892e-09,3.830713302595985e-10,3,804
4,small,8000,shared_aug,2977.8114624023438,3398.673616316027,3,1.0188611843098271e-09,2.6778253026577006e-10,3,804
4,small,8000,vanilla,7481.256998697917,3928.743781019755,3,13345.82068074544,8992.63381957374,3,3952
4,small,8000,vanilla_aug,2373.407267252604,1637.3114847290472,3,2664.4482096354163,1799.4071391453258,3,3952
4,medium,500,shared,367.9291687011719,203.7058560029138,3,1.7582066705323915e-11,8.605396744261963e-12,3,3028
4,medium,500,shared_aug,350.37427775065106,172.67930198793016,3,1.5171833638953172e-11,5.028892911678506e-12,3,3028
4,medium,500,vanilla,469.38292439778644,105.61298940056635,3,94.79055709044138,69.02019903760495,3,20272
4,medium,500,vanilla_aug,368.21001688639325,164.87562365485223,3,38.35407826105753,25.95521492497807,3,20272
4,medium,2000,shared,4207.392903645833,1974.448850411052,3,6.737441068012847e-10,4.297134725155528e-10,3,3028
4,medium,2000,shared_aug,3670.1874186197915,1998.0365950727173,3,6.784058666683043e-10,4.96055469104884e-10,3,3028
4,medium,2000,vanilla,3458.8732096354165,2777.8355047142327,3,1268.5598604838053,898.7827906707828,3,20272
4,medium,2000,vanilla_aug,2311.105509440104,983.7092694706986,3,618.169965616862,588.878847376553,3,20272
4,medium,8000,shared,5267.815755208333,2069.4090991553003,3,3.4983906142353285e-09,2.6796532796097524e-09,3,3028
4,medium,8000,shared_aug,6593.688395182292,3503.4782131536786,3,3.5247446221002098e-09,2.2538274336764636e-09,3,3028
4,medium,8000,vanilla,7747.549886067708,3345.931877722259,3,9505.324808502197,4716.927286781291,3,20272
4,medium,8000,vanilla_aug,3495.8142903645835,1869.6077204502824,3,3262.608512369792,1629.4083689031406,3,20272
4,large,500,shared,280.7303009033203,126.22995403268649,3,3.795640156345481e-11,3.875253554235687e-12,3,6644
4,large,500,shared_aug,246.3340301513672,141.51590060382122,3,2.945633482502134e-11,8.248186904264438e-12,3,6644
4,large,500,vanilla,444.6541748046875,128.45956684492762,3,79.80679359436037,31.670197631156682,3,30304
4,large,500,vanilla_aug,346.20896911621094,145.69305510954766,3,27.283798535664875,1.7943806558102142,3,30304
4,large,2000,shared,2488.2647298177085,913.6132676708726,3,1.3753218943331665e-09,1.0432045902936155e-09,3,6644
4,large,2000,shared_aug,2618.525634765625,1965.880800792741,3,1.1100433609338248e-09,7.630307674586454e-10,3,6644
4,large,2000,vanilla,3397.387736002604,2421.551605813569,3,1071.916660563151,326.55698300144246,3,30304
4,large,2000,vanilla_aug,2344.003865559896,1344.0102993541134,3,345.2061487833659,247.40526575463355,3,30304
4,large,8000,shared,4709.876546223958,4338.786801225275,3,3.703009040142054e-09,1.8508331261479595e-09,3,6644
4,large,8000,shared_aug,4366.224772135417,3683.07622348968,3,3.388242967676073e-09,1.1742093121627144e-09,3,6644
4,large,8000,vanilla,6104.443196614583,3066.8976549496297,3,6289.017848714193,3284.4606242825225,3,30304
4,large,8000,vanilla_aug,1248.0501708984375,295.9685587350965,3,1124.4311848958334,443.73448850535726,3,30304
